{ "type": "FeatureCollection", "features": [{"type":"Feature","id":1,"properties":{"_id":"65c4e7ab596971e2b630ba57","createdBy":"PA24LAh56lYeokwggnz0ltXs9yE3","createdAt":"2024-02-08T14:39:39.069Z","updatedBy":"eBT9qSrxquPVguazo7MwJzzaf2p1","updatedAt":"2024-12-28T21:55:15.254Z","name":"ERCAN TMA","dataIngestion":false,"type":7,"icaoClass":8,"activity":0,"onDemand":false,"onRequest":false,"byNotam":false,"specialAgreement":false,"requestCompliance":false,"country":"CY","upperLimit":{"value":999,"unit":6,"referenceDatum":2},"lowerLimit":{"value":2000,"unit":1,"referenceDatum":1},"frequencies":[{"value":"122.700","primary":true,"unit":2,"name":"ERCAN APP","_id":"677073b4fd01cd6f2903d9d5"},{"value":"119.775","primary":false,"unit":2,"name":"ERCAN APP","_id":"677073b4fd01cd6f2903d9d6"}],"hoursOfOperation":{"operatingHours":[{"dayOfWeek":0,"startTime":"00:00","endTime":"00:00","byNotam":false,"sunrise":false,"sunset":false,"publicHolidaysExcluded":false},{"dayOfWeek":1,"startTime":"00:00","endTime":"00:00","byNotam":false,"sunrise":false,"sunset":false,"publicHolidaysExcluded":false},{"dayOfWeek":2,"startTime":"00:00","endTime":"00:00","byNotam":false,"sunrise":false,"sunset":false,"publicHolidaysExcluded":false},{"dayOfWeek":3,"startTime":"00:00","endTime":"00:00","byNotam":false,"sunrise":false,"sunset":false,"publicHolidaysExcluded":false},{"dayOfWeek":4,"startTime":"00:00","endTime":"00:00","byNotam":false,"sunrise":false,"sunset":false,"publicHolidaysExcluded":false},{"dayOfWeek":5,"startTime":"00:00","endTime":"00:00","byNotam":false,"sunrise":false,"sunset":false,"publicHolidaysExcluded":false},{"dayOfWeek":6,"startTime":"00:00","endTime":"00:00","byNotam":false,"sunrise":false,"sunset":false,"publicHolidaysExcluded":false}],"remarks":"H24"},"deletable":true},"geometry":{"type":"Polygon","coordinates":[[[34.083333333333336,35],[34.07336686433549,35.010305358416964],[34.07396229717151,35.01197991700493],[34.07900008501876,35.02712451598826],[34.08345625918703,35.04239105642266],[34.08732611449065,35.05776453727457],[34.09060551468,35.07322984398179],[34.09329089775056,35.0887717631323],[34.09537928072189,35.104374997272316],[34.096868263877056,35.12002417983004],[34.09775603445345,35.13570389014099],[34.09804136977614,35.15139866856079],[34.097723639825624,35.167093031651255],[34.096802809231946,35.182771487424816],[34.09527943868803,35.19841855063287],[34.09315468577528,35.214018758082865],[34.09043030519513,35.229556683969044],[34.087108648400914,35.2450169552017],[34.083192662624896,35.26038426671928],[34.07868588929588,35.27564339676804],[34.07359246184375,35.29077922213335],[34.06791710288745,35.305776733307184],[34.06166512080437,35.32062104957563],[34.05484240567896,35.33529743401087],[34.047455424630016,35.349791308351485],[34.039511216516026,35.36408826775523],[34.03101738601956,35.378174095408326],[34.02198209711184,35.39203477697543],[34.01241406589987,35.405656514874174],[34.00232255285933,35.41902574235881],[33.99171735445694,35.432129137396906],[33.980608794167495,35.44495363632374],[33.96900771289116,35.45748644725866],[33.95692545877771,35.46971506326837],[33.94437387646541,35.48162727526168],[33.931365295742935,35.49321118460105],[33.917912519643885,35.504455215415994],[33.90402881198418,35.51534812660406],[33.88972788435376,35.52587902350493],[33.875023882574574,35.53603736923409],[33.85993137263829,35.54581299566214],[33.84446532613752,35.55519611402679],[33.828641105205605,35.5641773251645],[33.81247444698078,35.572747629349266],[33.795981447611275,35.580898435726866],[33.779178545818986,35.58862157133229],[33.76208250603997,35.59590928967985],[33.74471040116089,35.602754278914894],[33.727079594871306,35.60914966951705],[33.70920772365234,35.6150890415454],[33.69111267842318,35.62056643141636],[33.672812585867234,35.62557633820576],[33.65432578946059,35.63011372946723],[33.63567083022605,35.63417404655921],[33.61686642723624,35.63775320947415],[33.59793145789037,35.64084762116344],[33.57888493798886,35.6434541713527],[33.559746001631424,35.64557023984247],[33.54053388096355,35.64719369928995],[33.521267885797634,35.648322917468505],[33.50196738313422,35.648956759001614],[33.48265177661007,35.649094586569355],[33.463340485899046,35.64873626158573],[33.44405292609243,35.647882144345985],[33.42480848708515,35.6465330936436],[33.40562651299432,35.644690465857714],[33.38652628163659,35.64235611351199],[33.367526984090645,35.63953238330666],[33.348647704370734,35.636222113626644],[33.329907399237435,35.632428631528626],[33.311324878171064,35.62815574921106],[33.29291878353309,35.62340775997175],[33.274707570940414,35.61818943365814],[33.25670948987712,35.61250601161598],[33.2389425645675,35.6063632011431],[33.22142457513405,35.59976716945504],[33.204173039063235,35.59272453717061],[33.18720519300135,35.58524237132507],[33.17053797490227,35.57732817792036],[33.154188006547955,35.568989894021186],[33.13817157646202,35.56023587940727],[33.12250462323607,35.55107490779194],[33.10720271928725,35.54151615761803],[33.092281055065385,35.53156920244236],[33.07775442372641,35.52124400092093],[33.06363720628875,35.510550886406534],[33.049943357287816,35.499500556171995],[33.036686390943295,35.488104060271695],[33.02387936785276,35.47637279005488],[33.01153488222447,35.464318466344565],[32.999665049661,35.45195312729592],[32.988281495504744,35.43928911594858],[32.977395343755134,35.42633906748735],[32.96701720656667,35.41311589622627],[32.957157174335904,35.399632782331054],[32.947824806384446,35.385903158294866],[32.93902912224443,35.371940695183355],[32.93077859355165,35.357759288663985],[32.92308113655103,35.343373044835616],[32.91594410521783,35.328796265873976],[32.90937428499742,35.314043435509035],[32.90337788716558,35.299129204349896],[32.89796054381024,35.28406837507338],[32.89312730343493,35.268875887492136],[32.88888262718351,35.25356680351824],[32.88523038568472,35.23815629203817],[32.88217385651452,35.22265961371501],[32.87971572227358,35.207092105733715],[32.877858069276236,35.191469166505094],[32.87660238684692,35.17580624034421],[32.8759495672192,35.160118802138534],[32.87589990603218,35.1444223420214],[32.87645310341804,35.12873235006584],[32.87760826567439,35.11306430101391],[32.875,35.108333333333334],[34,35.06666666666667],[34.083333333333336,35]]]}}, {"type":"Feature","id":2,"properties":{"_id":"65c52cdf105226359be5f482","createdBy":"PA24LAh56lYeokwggnz0ltXs9yE3","createdAt":"2024-02-08T19:34:55.184Z","updatedBy":"eBT9qSrxquPVguazo7MwJzzaf2p1","updatedAt":"2024-12-28T20:27:07.223Z","name":"KARTER","dataIngestion":false,"type":4,"icaoClass":8,"activity":0,"onDemand":false,"onRequest":false,"byNotam":false,"specialAgreement":false,"requestCompliance":false,"country":"CY","upperLimit":{"value":1500,"unit":1,"referenceDatum":1},"lowerLimit":{"value":0,"unit":1,"referenceDatum":0},"frequencies":[{"value":"132.000","primary":true,"unit":2,"name":"KARTER TWR","_id":"67705f13fd01cd6f29036474"}],"hoursOfOperation":{"remarks":"As Heliport Administration"},"deletable":true},"geometry":{"type":"Polygon","coordinates":[[[33.2680361111111,35.34317720810027],[33.26547066977748,35.34314430726501],[33.2629077664827,35.343045637308684],[33.26034993673605,35.34288129584735],[33.25779971099036,35.342651445466316],[33.25525961212023,35.34235631355808],[33.252732152908024,35.34199619209576],[33.25021983354027,35.34157143734212],[33.24772513911696,35.34108246949444],[33.245250537176254,35.34052977226599],[33.24279847523729,35.339913892403885],[33.2403713783634,35.339235439144446],[33.23797164674841,35.33849508360622],[33.23560165332841,35.3376935581215],[33.233263741421325,35.336831655506806],[33.2309602223969,35.33591022827343],[33.22869337337932,35.334930187778376],[33.2264654349848,35.33389250331708],[33.22427860909654,35.33279820115836],[33.22213505667917,35.33164836352298],[33.220036895635,35.33044412750652],[33.2179861987041,35.32918668394797],[33.21598499141054,35.327877276245005],[33.21403525005655,35.32651719911716],[33.212138899766934,35.32510779731826],[33.21029781258541,35.32365046429928],[33.20851380562492,35.32214664082317],[33.20678863927371,35.32059781353286],[33.205124015458956,35.3190055134741],[33.203521575969624,35.317371314574366],[33.20198290084025,35.315696832079695],[33.200509506797125,35.31398372095075],[33.199102845768586,35.31223367421993],[33.19776430346059,35.310448421311065],[33.19649519799916,35.30862972632341],[33.19529677864099,35.30677938628182],[33.19417022455316,35.30489922935454],[33.19311664366362,35.30299111304081],[33.192137071582955,35.30105692232976],[33.191232470598884,35.299098567832615],[33.19040372874416,35.297117983890125],[33.18965165893882,35.29511712665691],[33.188976998207565,35.293097972164944],[33.18838040697289,35.29106251436774],[33.18786246842469,35.28901276316752],[33.18742368796674,35.28695074242718],[33.18706449274067,35.28487848796907],[33.18678523122766,35.28279804556243],[33.18658617292829,35.28071146890183],[33.186467508120614,35.2786208175782],[33.186429347696816,35.2765281550448],[33.18647172307826,35.27443554657996],[33.18659458620913,35.27234505724859],[33.186797809628466,35.270258749864645],[33.18708118662043,35.26817868295639],[33.1874444314426,35.26610690873643],[33.187887179631936,35.264045471078795],[33.188408988388055,35.26199640350462],[33.18900933703326,35.25996172717888],[33.18968762754894,35.257943448919725],[33.19044318518751,35.25594355922257],[33.191275259159426,35.253964030301],[33.19218302339432,35.25200681414595],[33.193165577375524,35.25007384060567],[33.19422194704714,35.2481670154878],[33.19535108579251,35.24628821868574],[33.19655187548324,35.244439302330925],[33.19782312759755,35.242622088973],[33.199163584406904,35.24083836978951],[33.20057192022955,35.23908990282682],[33.20204674274984,35.23737841127414],[33.20358659440186,35.235705581772166],[33.20518995381604,35.23407306275795],[33.20685523732727,35.232482462847805],[33.208580800543,35.23093534925951],[33.210364939969736,35.2294332462756],[33.212205894696396,35.22797763374903],[33.214101848132685,35.22656994565273],[33.21605092980104,35.225211568674496],[33.218051217180076,35.223903840858426],[33.22010073759797,35.22264805029428],[33.222197470173754,35.22144543385612],[33.224339347804815,35.22029717599119],[33.22652425919842,35.21920440756045],[33.22875005094555,35.218168204731676],[33.231014529634784,35.217189587926384],[33.23331546400449,35.216269520821314],[33.235650587130934,35.21540890940567],[33.238017598650394,35.21460860109491],[33.24041416701312,35.213869383901965],[33.24283793176699,35.21319198566653],[33.245286505868535,35.21257707334346],[33.24775747801932,35.21202525235062],[33.250248415025396,35.21153706597701],[33.25275686417743,35.211112994851746],[33.255280355649454,35.21075345647416],[33.25781640491387,35.2104588048058],[33.26036251517028,35.210229329924495],[33.262916179786124,35.21006525774083],[33.2654748847465,35.209966749777365],[33.2680361111111,35.20993390301085],[33.27059733747571,35.209966749777365],[33.27315604243609,35.21006525774083],[33.27570970705194,35.210229329924495],[33.27825581730835,35.2104588048058],[33.280791866572756,35.21075345647416],[33.28331535804479,35.211112994851746],[33.28582380719681,35.21153706597701],[33.28831474420289,35.21202525235062],[33.29078571635368,35.21257707334346],[33.29323429045522,35.21319198566653],[33.29565805520909,35.213869383901965],[33.29805462357182,35.21460860109491],[33.300421635091276,35.21540890940567],[33.30275675821772,35.216269520821314],[33.30505769258743,35.217189587926384],[33.30732217127667,35.218168204731676],[33.30954796302379,35.21920440756045],[33.3117328744174,35.22029717599119],[33.31387475204846,35.22144543385612],[33.31597148462425,35.22264805029428],[33.318021005042134,35.223903840858426],[33.320021292421174,35.225211568674496],[33.321970374089524,35.22656994565273],[33.32386632752582,35.22797763374903],[33.32570728225248,35.2294332462756],[33.32749142167922,35.23093534925951],[33.32921698489494,35.232482462847805],[33.33088226840617,35.23407306275795],[33.33248562782035,35.235705581772166],[33.33402547947237,35.23737841127414],[33.33550030199266,35.23908990282682],[33.336908637815306,35.24083836978951],[33.33824909462466,35.242622088973],[33.33952034673897,35.244439302330925],[33.3407211364297,35.24628821868574],[33.34185027517507,35.2481670154878],[33.342906644846686,35.25007384060567],[33.343889198827895,35.25200681414595],[33.34479696306279,35.253964030301],[33.345629037034705,35.25594355922257],[33.346384594673275,35.257943448919725],[33.347062885188954,35.25996172717888],[33.34766323383416,35.26199640350462],[33.34818504259027,35.264045471078795],[33.34862779077962,35.26610690873643],[33.34899103560178,35.26817868295639],[33.34927441259374,35.270258749864645],[33.349477636013084,35.27234505724859],[33.34960049914395,35.27443554657996],[33.349642874525394,35.2765281550448],[33.349604714101595,35.2786208175782],[33.34948604929392,35.28071146890183],[33.34928699099455,35.28279804556243],[33.34900772948154,35.28487848796907],[33.34864853425547,35.28695074242718],[33.34820975379752,35.28901276316752],[33.34769181524932,35.29106251436774],[33.34709522401465,35.293097972164944],[33.346420563283395,35.29511712665691],[33.34566849347806,35.297117983890125],[33.344839751623326,35.299098567832615],[33.343935150639254,35.30105692232976],[33.34295557855859,35.30299111304081],[33.34190199766905,35.30489922935454],[33.34077544358123,35.30677938628182],[33.33957702422305,35.30862972632341],[33.33830791876163,35.310448421311065],[33.33696937645363,35.31223367421993],[33.335562715425084,35.31398372095075],[33.33408932138197,35.315696832079695],[33.332550646252585,35.317371314574366],[33.33094820676326,35.3190055134741],[33.3292835829485,35.32059781353286],[33.32755841659729,35.32214664082317],[33.3257744096368,35.32365046429928],[33.323933322455275,35.32510779731826],[33.32203697216566,35.32651719911716],[33.32008723081168,35.327877276245005],[33.31808602351811,35.32918668394797],[33.31603532658721,35.33044412750652],[33.31393716554304,35.33164836352298],[33.31179361312568,35.33279820115836],[33.30960678723741,35.33389250331708],[33.307378848842895,35.334930187778376],[33.30511199982531,35.33591022827343],[33.302808480800884,35.336831655506806],[33.3004705688938,35.3376935581215],[33.2981005754738,35.33849508360622],[33.29570084385882,35.339235439144446],[33.29327374698492,35.339913892403885],[33.29082168504596,35.34052977226599],[33.28834708310526,35.34108246949444],[33.28585238868194,35.34157143734212],[33.283340069314185,35.34199619209576],[33.28081261010198,35.34235631355808],[33.27827251123185,35.342651445466316],[33.27572228548617,35.34288129584735],[33.27316445573951,35.343045637308684],[33.27060155244473,35.34314430726501],[33.2680361111111,35.34317720810027]]]}}, {"type":"Feature","id":3,"properties":{"_id":"65c52bbd105226359be5dc79","createdBy":"PA24LAh56lYeokwggnz0ltXs9yE3","createdAt":"2024-02-08T19:30:05.310Z","updatedBy":"eBT9qSrxquPVguazo7MwJzzaf2p1","updatedAt":"2024-12-28T20:18:46.680Z","name":"ERCAN CTR","dataIngestion":false,"type":4,"icaoClass":8,"activity":0,"onDemand":false,"onRequest":false,"byNotam":false,"specialAgreement":false,"requestCompliance":false,"country":"CY","upperLimit":{"value":2000,"unit":1,"referenceDatum":1},"lowerLimit":{"value":0,"unit":1,"referenceDatum":0},"frequencies":[{"value":"120.450","primary":true,"unit":2,"name":"ERCAN TWR","_id":"67705d1dfd01cd6f290356f6"}],"hoursOfOperation":{"operatingHours":[{"dayOfWeek":0,"startTime":"00:00","endTime":"00:00","byNotam":false,"sunrise":false,"sunset":false,"publicHolidaysExcluded":false},{"dayOfWeek":1,"startTime":"00:00","endTime":"00:00","byNotam":false,"sunrise":false,"sunset":false,"publicHolidaysExcluded":false},{"dayOfWeek":2,"startTime":"00:00","endTime":"00:00","byNotam":false,"sunrise":false,"sunset":false,"publicHolidaysExcluded":false},{"dayOfWeek":3,"startTime":"00:00","endTime":"00:00","byNotam":false,"sunrise":false,"sunset":false,"publicHolidaysExcluded":false},{"dayOfWeek":4,"startTime":"00:00","endTime":"00:00","byNotam":false,"sunrise":false,"sunset":false,"publicHolidaysExcluded":false},{"dayOfWeek":5,"startTime":"00:00","endTime":"00:00","byNotam":false,"sunrise":false,"sunset":false,"publicHolidaysExcluded":false},{"dayOfWeek":6,"startTime":"00:00","endTime":"00:00","byNotam":false,"sunrise":false,"sunset":false,"publicHolidaysExcluded":false}],"remarks":"H24"},"deletable":true},"geometry":{"type":"Polygon","coordinates":[[[33.48694,35.316],[33.48053,35.31592],[33.47413,35.31567],[33.46774,35.31526],[33.46136,35.31468],[33.45501,35.31394],[33.4487,35.31304],[33.44242,35.31198],[33.43619,35.31076],[33.43,35.30937],[33.42388,35.30783],[33.41781,35.30613],[33.41182,35.30428],[33.40589,35.30227],[33.40005,35.30012],[33.3943,35.29781],[33.38864,35.29536],[33.38307,35.29276],[33.37761,35.29002],[33.37226,35.28714],[33.36702,35.28413],[33.36189,35.28098],[33.3569,35.27771],[33.35203,35.2743],[33.3473,35.27078],[33.3427,35.26713],[33.33825,35.26337],[33.33394,35.25949],[33.32979,35.25551],[33.32579,35.25142],[33.32195,35.24723],[33.31828,35.24294],[33.31477,35.23857],[33.31143,35.2341],[33.30827,35.22955],[33.30528,35.22492],[33.30247,35.22022],[33.29985,35.21545],[33.29741,35.21061],[33.29516,35.20571],[33.29309,35.20076],[33.29122,35.19575],[33.28955,35.1907],[33.28806,35.18561],[33.28678,35.18049],[33.28569,35.17533],[33.2848,35.17015],[33.28411,35.16495],[33.28362,35.15973],[33.28333,35.15451],[33.28325,35.14927],[33.28336,35.14404],[33.28368,35.13882],[33.28419,35.1336],[33.2849,35.1284],[33.28582,35.12322],[33.28693,35.11807],[33.28824,35.11295],[33.28975,35.10786],[33.29145,35.10282],[33.29334,35.09782],[33.29542,35.09288],[33.6711,35.07839],[33.67374,35.08315],[33.6762,35.08798],[33.67847,35.09288],[33.68055,35.09782],[33.68244,35.10282],[33.68414,35.10786],[33.68565,35.11295],[33.68696,35.11807],[33.68807,35.12322],[33.68898,35.1284],[33.6897,35.1336],[33.69021,35.13882],[33.69053,35.14404],[33.69064,35.14927],[33.69055,35.15451],[33.69027,35.15973],[33.68978,35.16495],[33.68909,35.17015],[33.6882,35.17533],[33.68711,35.18049],[33.68583,35.18561],[33.68434,35.1907],[33.68267,35.19575],[33.68079,35.20076],[33.67873,35.20571],[33.67648,35.21061],[33.67404,35.21545],[33.67142,35.22022],[33.66861,35.22492],[33.66562,35.22955],[33.66246,35.2341],[33.65912,35.23857],[33.65561,35.24294],[33.65194,35.24723],[33.6481,35.25142],[33.6441,35.25551],[33.63995,35.25949],[33.63564,35.26337],[33.63119,35.26713],[33.62659,35.27078],[33.62186,35.2743],[33.61699,35.27771],[33.61199,35.28098],[33.60687,35.28413],[33.60163,35.28714],[33.59628,35.29002],[33.59082,35.29276],[33.58525,35.29536],[33.57959,35.29781],[33.57384,35.30012],[33.568,35.30227],[33.56207,35.30428],[33.55608,35.30613],[33.55001,35.30783],[33.54389,35.30937],[33.5377,35.31076],[33.53147,35.31198],[33.52519,35.31304],[33.51887,35.31394],[33.51253,35.31468],[33.50615,35.31526],[33.49976,35.31567],[33.49336,35.31592],[33.48694,35.316]]]}}, {"type":"Feature","id":4,"properties":{"_id":"65c52a31105226359be5c0cd","createdBy":"PA24LAh56lYeokwggnz0ltXs9yE3","createdAt":"2024-02-08T19:23:29.850Z","updatedBy":"eBT9qSrxquPVguazo7MwJzzaf2p1","updatedAt":"2024-12-28T20:06:44.598Z","name":"GEÇITKALE","dataIngestion":false,"type":4,"icaoClass":8,"activity":0,"onDemand":false,"onRequest":false,"byNotam":false,"specialAgreement":false,"requestCompliance":false,"country":"CY","upperLimit":{"value":2000,"unit":1,"referenceDatum":1},"lowerLimit":{"value":0,"unit":1,"referenceDatum":0},"frequencies":[{"value":"120.375","primary":true,"unit":2,"name":"GECITKALE TWR","_id":"67705976fd01cd6f29034804"},{"value":"127.750","primary":false,"unit":2,"name":"GECITKALE APP","_id":"67705976fd01cd6f29034805"},{"value":"118.350","primary":false,"unit":2,"name":"GECITKALE INFORMATION","_id":"67705976fd01cd6f29034806"}],"hoursOfOperation":{"operatingHours":[{"dayOfWeek":0,"byNotam":true,"sunrise":false,"sunset":false,"publicHolidaysExcluded":false},{"dayOfWeek":1,"byNotam":true,"sunrise":false,"sunset":false,"publicHolidaysExcluded":false},{"dayOfWeek":2,"byNotam":true,"sunrise":false,"sunset":false,"publicHolidaysExcluded":false},{"dayOfWeek":3,"byNotam":true,"sunrise":false,"sunset":false,"publicHolidaysExcluded":false},{"dayOfWeek":4,"byNotam":true,"sunrise":false,"sunset":false,"publicHolidaysExcluded":false},{"dayOfWeek":5,"byNotam":true,"sunrise":false,"sunset":false,"publicHolidaysExcluded":false},{"dayOfWeek":6,"byNotam":true,"sunrise":false,"sunset":false,"publicHolidaysExcluded":false}]},"deletable":true},"geometry":{"type":"Polygon","coordinates":[[[33.763333333333335,35.40405413136179],[33.75691490162739,35.403971777652444],[33.75050284336862,35.40372479830208],[33.744103525557975,35.40331343856102],[33.73772330231091,35.402738106904145],[33.73136850843213,35.40199937461773],[33.725045453011255,35.401097975221674],[33.71876041304635,35.40003480372769],[33.7125196271023,35.39881091573428],[33.70632928901073,35.397427526359536],[33.700195541618385,35.395886009012855],[33.694124470590644,35.39418789400687],[33.68812209827688,35.39233486701121],[33.68219437764417,35.390328767349715],[33.676347186285845,35.388171586142846],[33.670586320511276,35.385865464297446],[33.66491748952325,35.38341269034591],[33.659346309688885,35.38081569813719],[33.65387829891033,35.378077064382005],[33.648518871101004,35.37519950605492],[33.64327333077325,35.37218587765624],[33.63814686774284,35.36903916833634],[33.63314455195605,35.36576249888581],[33.62827132844438,35.362359118594426],[33.623532012412134,35.358832401982454],[33.61893128446191,35.35518584540752],[33.61447368596265,35.35142306355097],[33.610163614564996,35.34754778578715],[33.60600531986826,35.34356385243965],[33.60200289924337,35.33947521092823],[33.59816029381568,35.33528591181085],[33.594481284611746,35.33100010472451],[33.59096948887333,35.326622034229516],[33.587628356542474,35.322156035561335],[33.58446116692067,35.31760653029445],[33.581471025505145,35.312978021922895],[33.57866086100517,35.30827509136183],[33.57603342254097,35.303502392374945],[33.57359127702762,35.298664646932416],[33.57133680674612,35.29376664050411],[33.569272207103644,35.28881321729288],[33.567399484584634,35.283809275412935],[33.56572045489448,35.278759762018076],[33.56423674129685,35.27366966838475],[33.562949773145995,35.268544024955055],[33.561860784614865,35.263387896344554],[33.56097081361976,35.25820637631995],[33.56028070094197,35.25300458275178],[33.55979108954664,35.24778765254703],[33.559502424099165,35.242560736566986],[33.55941495067865,35.23732899453486],[33.55952871668843,35.23209758993906],[33.55984357096297,35.22687168493627],[33.56035916407036,35.22165643526003],[33.561074948809804,35.216456985139544],[33.5619901809026,35.211278462233594],[33.56310391987567,35.206125972584864],[33.56441503013607,35.201004595599215],[33.565922182234736,35.19591937905501],[33.567623854317915,35.19087533414733],[33.56951833376402,35.185877430571644],[33.57160371900401,35.18093059165201],[33.573877921522794,35.176039689518134],[33.57633866803942,35.171209540336235],[33.578983502863224,35.16644489959792],[33.58180979042332,35.161750457471875],[33.58481471796848,35.157130834222535],[33.58799529843435,35.15259057570022],[33.591348373474915,35.14813414890694],[33.59487061665473,35.14376593764195],[33.598558536798656,35.139490238231396],[33.602408481495495,35.13531125534564],[33.60641664075177,35.13123309790867],[33.610579050791955,35.12725977510285],[33.61489159800127,35.12339519247326],[33.61935002300692,35.1196431481348],[33.62394992489379,35.116007329085775],[33.628686765550434,35.11249130763138],[33.633555874140846,35.10909853792021],[33.63855245169792,35.10583235259718],[33.643671575833984,35.10269595957571],[33.6489082055638,35.09969243893226],[33.65425718623561,35.09682473992604],[33.659713254565375,35.0940956781466],[33.66527104376953,35.091507932791686],[33.67092508879134,35.089064044078256],[33.67666983161619,35.0867664107886],[33.682499626670555,35.08461728795397],[33.688408746299984,35.08261878467774],[33.694391386320824,35.0807728621002],[33.70044167164066,35.079081331506515],[33.706553661942486,35.07754585257998],[33.71272135742717,35.07616793180165],[33.71893870460925,35.07494892099822],[33.72519960216074,35.07389001603913],[33.73149790679763,35.0729922556843],[33.737827439203905,35.07225652058333],[33.74418198998765,35.07168353242721],[33.75055532566403,35.071273853253174],[33.756941194659696,35.07102788490344],[33.763333333333335,35.07094586863822],[33.769725472006975,35.07102788490344],[33.77611134100264,35.071273853253174],[33.78248467667902,35.07168353242721],[33.788839227462766,35.07225652058333],[33.79516875986904,35.0729922556843],[33.80146706450593,35.07389001603913],[33.80772796205742,35.07494892099822],[33.8139453092395,35.07616793180165],[33.820113004724185,35.07754585257998],[33.82622499502602,35.079081331506515],[33.832275280345854,35.0807728621002],[33.83825792036669,35.08261878467774],[33.84416703999612,35.08461728795397],[33.84999683505049,35.0867664107886],[33.85574157787533,35.089064044078256],[33.86139562289714,35.091507932791686],[33.866953412101296,35.0940956781466],[33.87240948043106,35.09682473992604],[33.87775846110288,35.09969243893226],[33.88299509083269,35.10269595957571],[33.88811421496875,35.10583235259718],[33.89311079252583,35.10909853792021],[33.89797990111624,35.11249130763138],[33.90271674177288,35.116007329085775],[33.907316643659755,35.1196431481348],[33.9117750686654,35.12339519247326],[33.916087615874716,35.12725977510285],[33.9202500259149,35.13123309790866],[33.924258185171176,35.13531125534564],[33.928108129868015,35.139490238231396],[33.93179605001195,35.14376593764195],[33.935318293191756,35.14813414890694],[33.93867136823232,35.15259057570022],[33.9418519486982,35.157130834222535],[33.94485687624335,35.161750457471875],[33.947683163803454,35.16644489959792],[33.95032799862725,35.171209540336235],[33.952788745143884,35.176039689518134],[33.95506294766266,35.18093059165201],[33.95714833290265,35.185877430571644],[33.959042812348756,35.19087533414733],[33.960744484431935,35.19591937905501],[33.9622516365306,35.201004595599215],[33.963562746791006,35.206125972584864],[33.96467648576407,35.211278462233594],[33.96559171785687,35.216456985139544],[33.96630750259631,35.22165643526003],[33.96682309570371,35.22687168493627],[33.96713794997824,35.23209758993906],[33.96725171598803,35.23732899453486],[33.96716424256751,35.242560736566986],[33.96687557712003,35.24778765254703],[33.966385965724704,35.25300458275178],[33.96569585304691,35.25820637631995],[33.96480588205181,35.263387896344554],[33.963716893520676,35.268544024955055],[33.96242992536982,35.27366966838475],[33.96094621177219,35.278759762018076],[33.95926718208204,35.283809275412935],[33.957394459563034,35.28881321729288],[33.95532985992055,35.29376664050411],[33.953075389639054,35.298664646932416],[33.950633244125704,35.303502392374945],[33.9480058056615,35.30827509136183],[33.945195641161526,35.312978021922895],[33.942205499746,35.31760653029445],[33.939038310124204,35.322156035561335],[33.93569717779335,35.326622034229516],[33.932185382054925,35.33100010472451],[33.92850637285099,35.33528591181085],[33.92466376742331,35.33947521092823],[33.92066134679842,35.34356385243965],[33.916503052101675,35.34754778578715],[33.91219298070402,35.35142306355097],[33.90773538220476,35.35518584540752],[33.903134654254536,35.358832401982454],[33.8983953382223,35.362359118594426],[33.89352211471063,35.36576249888581],[33.88851979892384,35.36903916833634],[33.88339333589342,35.37218587765624],[33.87814779556567,35.37519950605492],[33.87278836775634,35.378077064382005],[33.86732035697779,35.38081569813719],[33.86174917714342,35.38341269034591],[33.856080346155395,35.385865464297446],[33.85031948038083,35.388171586142846],[33.8444722890225,35.390328767349715],[33.83854456838979,35.39233486701121],[33.832542196076034,35.39418789400687],[33.826471125048286,35.395886009012855],[33.82033737765594,35.397427526359536],[33.81414703956437,35.39881091573428],[33.807906253620324,35.40003480372769],[33.80162121365542,35.401097975221674],[33.795298158234544,35.40199937461773],[33.78894336435576,35.402738106904145],[33.782563141108696,35.40331343856102],[33.77616382329805,35.40372479830208],[33.76975176503929,35.403971777652444],[33.763333333333335,35.40405413136179]]]}}, {"type":"Feature","id":5,"properties":{"_id":"65cabd8dfe1ad1c231a139f0","createdBy":"PA24LAh56lYeokwggnz0ltXs9yE3","createdAt":"2024-02-13T00:53:33.673Z","updatedBy":"OPONcQnzWGOLiJSceNaf8pvx1fA2","updatedAt":"2024-02-14T07:52:08.209Z","name":"ERCAN ADVISORY AIRSPACE","dataIngestion":false,"type":27,"icaoClass":8,"activity":0,"onDemand":false,"onRequest":false,"byNotam":false,"specialAgreement":false,"requestCompliance":false,"country":"CY","upperLimit":{"value":999,"unit":6,"referenceDatum":2},"lowerLimit":{"value":0,"unit":1,"referenceDatum":0},"frequencies":[{"value":"126.700","primary":true,"unit":2,"name":"ERCAN ACC","_id":"65cabd8dfe1ad1c231a139f1"},{"value":"121.500","primary":false,"unit":2,"name":"ERCAN ACC","_id":"65cabd8dfe1ad1c231a139f2"}],"hoursOfOperation":{"operatingHours":[{"dayOfWeek":0,"startTime":"00:00","endTime":"00:00","byNotam":false,"sunrise":false,"sunset":false,"publicHolidaysExcluded":false},{"dayOfWeek":1,"startTime":"00:00","endTime":"00:00","byNotam":false,"sunrise":false,"sunset":false,"publicHolidaysExcluded":false},{"dayOfWeek":2,"startTime":"00:00","endTime":"00:00","byNotam":false,"sunrise":false,"sunset":false,"publicHolidaysExcluded":false},{"dayOfWeek":3,"startTime":"00:00","endTime":"00:00","byNotam":false,"sunrise":false,"sunset":false,"publicHolidaysExcluded":false},{"dayOfWeek":4,"startTime":"00:00","endTime":"00:00","byNotam":false,"sunrise":false,"sunset":false,"publicHolidaysExcluded":false},{"dayOfWeek":5,"startTime":"00:00","endTime":"00:00","byNotam":false,"sunrise":false,"sunset":false,"publicHolidaysExcluded":false},{"dayOfWeek":6,"startTime":"00:00","endTime":"00:00","byNotam":false,"sunrise":false,"sunset":false,"publicHolidaysExcluded":false}],"remarks":"H24"},"remarks":"ERCAN ADVISORY AIRSPACE is an area the Northern boundary of which coincides with the Southern boundary of ANK FIR, Eastern limits coincides with Western bound- aries of Damascus & Beirut FIRs, thence starting from the point 342430N-0345500E to 350400N-0340000E to 351200N-0300000E thence along 300000E upwards to join ANK FIR in the West.","deletable":true},"geometry":{"type":"Polygon","coordinates":[[[30.000000000000195,36.08219613980177],[30,35.2],[34,35.06666666666667],[34.916666666666664,34.40833333333333],[34.936697868210224,34.39736900743593],[34.9596664814444,34.41134071296655],[34.98316317777678,34.42470587831695],[35.00716450728858,34.43745102045054],[35.03164647712025,34.449563275598116],[35.05658457633696,34.46103041312806],[35.081953801491125,34.47184084875843],[35.10772868285135,34.48198365709307],[35.133883311265784,34.49144858346445],[35.16039136562643,34.500226055066996],[35.187226140899604,34.508307191365475],[35.21436057668627,34.51568381376403],[35.241767286275035,34.52234845452218],[35.26941858614908,34.528294364905435],[35.29728652590756,34.533515522558936],[35.32534291856077,34.53800663809376],[35.35355937115764,34.541763160876485],[35.3819073157031,34.544781284013816],[35.41035804032258,34.547057948525094],[35.43888272062969,34.54859084669684],[35.46745245125333,34.54937842461446],[35.4960382774793,34.5494198838674],[35.52461122696215,34.54871518242554],[35.553142341461836,34.54726503468522],[35.58160270856042,34.545070910685226],[35.594221506307655,34.54385749162852],[35.6,34.55],[35.71666666666667,34.63333333333333],[35.63333333333333,34.916666666666664],[35.7,35.266666666666666],[35.6,35.416666666666664],[35.483333333333334,35.583333333333336],[35.6660555555554,35.915555555555585],[33.54944444444444,35.91555555555556],[30.000000000000195,36.08219613980177]]]}}, {"type":"Feature","id":6,"properties":{"_id":"65caaceafe1ad1c231a0e399","createdBy":"PA24LAh56lYeokwggnz0ltXs9yE3","createdAt":"2024-02-12T23:42:34.657Z","updatedBy":"eBT9qSrxquPVguazo7MwJzzaf2p1","updatedAt":"2024-02-13T12:07:32.176Z","name":"NICOSIA CTA","dataIngestion":false,"type":26,"icaoClass":2,"activity":0,"onDemand":false,"onRequest":false,"byNotam":false,"specialAgreement":false,"requestCompliance":false,"country":"CY","upperLimit":{"value":660,"unit":6,"referenceDatum":2},"lowerLimit":{"value":195,"unit":6,"referenceDatum":2},"hoursOfOperation":{"operatingHours":[{"dayOfWeek":0,"startTime":"00:00","endTime":"00:00","byNotam":false,"sunrise":false,"sunset":false,"publicHolidaysExcluded":false},{"dayOfWeek":1,"startTime":"00:00","endTime":"00:00","byNotam":false,"sunrise":false,"sunset":false,"publicHolidaysExcluded":false},{"dayOfWeek":2,"startTime":"00:00","endTime":"00:00","byNotam":false,"sunrise":false,"sunset":false,"publicHolidaysExcluded":false},{"dayOfWeek":3,"startTime":"00:00","endTime":"00:00","byNotam":false,"sunrise":false,"sunset":false,"publicHolidaysExcluded":false},{"dayOfWeek":4,"startTime":"00:00","endTime":"00:00","byNotam":false,"sunrise":false,"sunset":false,"publicHolidaysExcluded":false},{"dayOfWeek":5,"startTime":"00:00","endTime":"00:00","byNotam":false,"sunrise":false,"sunset":false,"publicHolidaysExcluded":false},{"dayOfWeek":6,"startTime":"00:00","endTime":"00:00","byNotam":false,"sunrise":false,"sunset":false,"publicHolidaysExcluded":false}]},"remarks":"Frequencies not added.\nNICFRA FRA area FL205-FL660","deletable":true},"geometry":{"type":"Polygon","coordinates":[[[33.983333333333334,31.833333333333332],[34.00194444444445,31.825],[33.99654995728598,31.837679783926916],[33.99038540628114,31.86117080783319],[33.98508965382973,31.884814469710516],[33.98066856995728,31.908587548663796],[33.977127177800185,31.93246667880065],[33.97446964610328,31.956428371874857],[33.97269928249572,31.980449040118526],[33.97181852756178,32.00450501924225],[33.97182894972232,32.028572591581806],[33.972731240942636,32.052628009370096],[33.97452521328135,32.07664751811201],[33.97720979629481,32.10060738003984],[33.98078303531037,32.12448389762668],[33.98524209058156,32.14825343713429],[33.99058323733698,32.171892452172244],[33.996801866734316,32.19537750724445],[34.003892487729445,32.218685301258965],[34.011848729870174,32.24179269097677],[34.02066334702269,32.26467671437484],[34.030328222037966,32.28731461389887],[34.04083437236403,32.3096838595804],[34.05217195660912,32.33176217199351],[34.06433028205901,32.353527545025415],[34.07729781315104,32.37495826843604],[34.09106218090559,32.39603295018072],[34.105610193314526,32.41673053847082],[34.1209278466848,32.437030343546866],[34.13700033793365,32.45691205913855],[34.1538120778305,32.4763557835867],[34.17134670517918,32.49534204060167],[34.18958710193215,32.51385179963352],[34.208515409227246,32.53186649582895],[34.22811304433556,32.54936804955075],[34.2483607185073,32.56633888543528],[34.26923845570132,32.582761950964525],[34.290725612181625,32.598620734528964],[34.31280089696312,32.61389928295837],[34.33544239308678,32.628582218498195],[34.3586275797031,32.6426547552093],[34.3823333549406,32.65610271476993],[34.406536059535,32.668912541658806],[34.43121150119282,32.68107131769979],[34.45633497966159,32.692566775948144],[34.48188131247746,32.703387313900194],[34.50782486135947,32.71352200600841],[34.534139559218126,32.72296061548487],[34.54890948185105,32.72789997164174],[34.54944444444444,32.72638888888889],[34.54333333333333,32.776666666666664],[34.56166666666666,32.86333333333334],[34.608333333333334,33.08833333333334],[34.71666666666667,33.1],[34.95,33.1],[34.996944444444445,33.17777777777778],[34.991850908317076,33.18152053844362],[34.968560301864706,33.194727515914465],[34.94576969633584,33.20853596650923],[34.923501353153554,33.22293254509878],[34.90177706042864,33.23790333166334],[34.88061811224709,33.253433843935646],[34.860045288286585,33.269509050579636],[34.84007883377917,33.286113384895984],[34.820738439837385,33.30323075904491],[34.80204322416146,33.320844578776466],[34.784011712145364,33.33893775865803],[34.766661818399584,33.357492737788185],[34.750010828708824,33.376491495985924],[34.734075382442924,33.39591557044322],[34.71887145543945,33.41574607282922],[34.70441434337662,33.43596370683299],[34.69071864565519,33.4565487861322],[34.677798249808326,33.47748125277374],[34.66566631645825,33.49874069595257],[34.65433526483878,33.52030637117409],[34.64381675890274,33.54215721978509],[34.634121694033325,33.56427188885787],[34.62526018437856,33.58662875141128],[34.61724155082762,33.60920592695272],[34.610074309648176,33.63198130232365],[34.603766161803414,33.65493255283155],[34.59832398296735,33.678037163650295],[34.593753814256935,33.70127245147068],[34.59006085369898,33.72461558638215],[34.587249448449995,33.74804361396659],[34.58532308778627,33.77153347758434],[34.58428439688139,33.79506204083233],[34.58413513138797,33.81860611015356],[34.58487617283971,33.84214245757726],[34.586507524889406,33.865647843567686],[34.58902831039799,33.88909903996038],[34.592436769388975,33.91247285296303],[34.59673025788182,33.935746146198824],[34.6019052476172,33.95889586376909],[34.607957326686105,33.981899053311935],[34.61488120107382,34.004732889033505],[34.62267069712904,34.02737469468774],[34.63131876496695,34.049801966480736],[34.64081748281462,34.071992395875164],[34.65115806230529,34.09392389227031],[34.66233085472726,34.11557460553296],[34.67432535823184,34.13692294835423],[34.68713022600345,34.15794761840737],[34.70073327539333,34.178627620281475],[34.71512149801758,34.198942287165934],[34.73028107081783,34.21887130226066],[34.746197368082356,34.2383947198868],[34.76285497442294,34.25749298627303],[34.78023769870207,34.27614695999265],[34.79832858890261,34.29433793202648],[34.81710994793129,34.312047645427306],[34.83656335034479,34.3292583145613],[34.85666965998627,34.3459526439027],[34.87740904851805,34.362113846357786],[34.89876101483461,34.37772566109513],[34.920704405338114,34.392772370858985],[34.94321743505744,34.40723881874363],[34.96627770958937,34.421110424406656],[34.98986224783934,34.434373199699856],[35.01394750553744,34.44701376369719],[35.03850939950332,34.45901935709943],[35.063523332632656,34.47037785599647],[35.08896421957558,34.48107778496836],[35.11480651307664,34.491108329507476],[35.141024230943614,34.500459347744616],[35.16759098361184,34.50912138146293],[35.19448000226874,34.51708566638441],[35.22166416750229,34.52434414171468],[35.249116038435766,34.53088945893257],[35.276807882310145,34.53671498981232],[35.30471170447425,34.54181483366694],[35.332799278741874,34.54618382380261],[35.361042178074335,34.54981753317476],[35.38941180554586,34.55271227923809],[35.417879425548854,34.55486512798324],[35.44641619519513,34.55627389715464],[35.47499319586912,34.5569371586447],[35.503581464888356,34.55685424006111],[35.53215202722643,34.55602522546486],[35.560675927253534,34.55445095527801],[35.589124260449395,34.552133025361165],[35.59700927833726,34.55135747758114],[35.59666666666667,34.55277777777778],[35.71666666666667,34.63333333333333],[35.63333333333333,34.916666666666664],[35.7,35.266666666666666],[35.6,35.416666666666664],[35.483333333333334,35.583333333333336],[35.66638888888889,35.91555555555556],[33.54944444444444,35.91555555555556],[30,36.083333333333336],[30,33.5],[33.983333333333334,31.833333333333332]]]}}, {"type":"Feature","id":7,"properties":{"_id":"65caab23fe1ad1c231a0dada","createdBy":"PA24LAh56lYeokwggnz0ltXs9yE3","createdAt":"2024-02-12T23:34:59.387Z","updatedBy":"OPONcQnzWGOLiJSceNaf8pvx1fA2","updatedAt":"2024-02-14T07:52:10.444Z","name":"LCCC NICOSIA FIR","dataIngestion":false,"type":10,"icaoClass":2,"activity":0,"onDemand":false,"onRequest":false,"byNotam":false,"specialAgreement":false,"requestCompliance":false,"country":"CY","upperLimit":{"value":660,"unit":6,"referenceDatum":2},"lowerLimit":{"value":195,"unit":6,"referenceDatum":2},"upperLimitMax":{"value":999,"unit":6,"referenceDatum":2},"lowerLimitMin":{"value":0,"unit":1,"referenceDatum":0},"hoursOfOperation":{"operatingHours":[{"dayOfWeek":0,"startTime":"00:00","endTime":"00:00","byNotam":false,"sunrise":false,"sunset":false,"publicHolidaysExcluded":false},{"dayOfWeek":1,"startTime":"00:00","endTime":"00:00","byNotam":false,"sunrise":false,"sunset":false,"publicHolidaysExcluded":false},{"dayOfWeek":2,"startTime":"00:00","endTime":"00:00","byNotam":false,"sunrise":false,"sunset":false,"publicHolidaysExcluded":false},{"dayOfWeek":3,"startTime":"00:00","endTime":"00:00","byNotam":false,"sunrise":false,"sunset":false,"publicHolidaysExcluded":false},{"dayOfWeek":4,"startTime":"00:00","endTime":"00:00","byNotam":false,"sunrise":false,"sunset":false,"publicHolidaysExcluded":false},{"dayOfWeek":5,"startTime":"00:00","endTime":"00:00","byNotam":false,"sunrise":false,"sunset":false,"publicHolidaysExcluded":false},{"dayOfWeek":6,"startTime":"00:00","endTime":"00:00","byNotam":false,"sunrise":false,"sunset":false,"publicHolidaysExcluded":false}],"remarks":"H24"},"remarks":"Frequencies not added. \n\nUNL/ FL660 Unclassified\nFL660/ Above FL195 Class C\nFL195/ SFC Class G (1)\n\nEuropean RVSM airspace between FL290 - FL410 inclusive. West sector Low Below FL325 operates according to traffic demand East sector Low Below FL305 operates according to traffic demand. (1) Outside controlled airspace GNSS signal interruptions have been reported. Pilots are requested to report to ATC.","deletable":true},"geometry":{"type":"Polygon","coordinates":[[[33.983333333333334,31.833333333333332],[34,31.833333333333332],[34.00836901000325,31.828314352951747],[34.00172434728506,31.85171059856401],[33.995944892255224,31.87527231252093],[33.99103698227856,31.898976364212235],[33.987006112299,31.922799465536567],[33.983856926911244,31.946718193431117],[33.98159321320141,31.970709012601503],[33.98021789437351,31.99474829843103],[33.97973302417783,32.01881236004867],[33.98013978215715,32.04287746353403],[33.98143846972589,32.066919855237785],[33.98362850709685,32.09091578519512],[33.98670843106961,32.11484153060978],[33.99067589369357,32.138673419385654],[33.99552766181843,32.16238785368263],[34.00125961754348,32.18596133347317],[34.00786675957671,32.20937048007551],[34.01534320551332,32.23259205963946],[34.02368219504276,32.25560300656027],[34.03287609409173,32.2783804467958],[34.04291639991009,32.30090172106219],[34.05379374710499,32.32314440788298],[34.06549791462762,32.34508634646627],[34.078017833715414,32.366705659384884],[34.091341596791594,32.38798077503396],[34.105456467322085,32.40889044984048],[34.120348890628954,32.42941379019938],[34.136004505657574,32.44953027411098],[34.15240815769356,32.46921977249389],[34.1695439120237,32.48846257014879],[34.18739506853392,32.50723938634757],[34.20594417723523,32.52553139502305],[34.2251730547074,32.543320244534726],[34.24506280144822,32.560588076986114],[34.26559382011468,32.57731754706962],[34.286745834640584,32.593491840415346],[34.308497910213646,32.609094691420566],[34.33082847409325,32.62411040053713],[34.353715337248474,32.638523850994396],[34.37713571679438,32.65232052493612],[34.40106625920277,32.665486518950175],[34.42548306426225,32.67800855897057],[34.450361709760514,32.68987401453193],[34.47567727686061,32.70107091235765],[34.5014043761411,32.71158794926313],[34.52751717426881,32.72141450435684],[34.553989421271226,32.73054065052254],[34.571824139956114,32.73623104822867],[34.55,32.733333333333334],[34.55,32.78333333333333],[34.56666666666667,32.86666666666667],[34.61666666666667,33.083333333333336],[34.71666666666667,33.1],[34.95,33.1],[35,33.18333333333333],[34.98911542988168,33.17402081747781],[34.96582683890553,33.18722782186544],[34.9430382090871,33.20103629999866],[34.92077179998556,33.215432906641645],[34.89904939787345,33.23040372166582],[34.87789229502565,33.245934262693474],[34.85732126933752,33.262009498276825],[34.83735656428901,33.27861386160406],[34.818017869272495,33.295731264722484],[34.79932430030158,33.31334511326929],[34.78129438111878,33.33143832169948],[34.76394602472002,33.34999332900021],[34.74729651531404,33.36899211488032],[34.73136249073507,33.38841621642347],[34.71615992532713,33.408246745192656],[34.70170411331877,33.42846440477344],[34.68800965270674,33.449049508742945],[34.675090429667655,33.46998199905097],[34.6629596035165,33.49124146479916],[34.651629592230925,33.512807161403764],[34.641112058560545,33.53465803012696],[34.63141789674011,33.556772717961245],[34.62255721982577,33.579129597850915],[34.614539347673265,33.601706789234214],[34.60737279557702,33.624482178889274],[34.60106526358901,33.64743344206621],[34.595623626535755,33.67053806388785],[34.59105392475228,33.69377336100035],[34.587361355550705,33.71711650345523],[34.58455026544171,33.74054453680325],[34.582624143126345,33.76403440438056],[34.58158561327506,33.787562969767016],[34.581436431111015,33.81110703939571],[34.58217747781363,33.834643385293106],[34.583808756757975,33.85814876792801],[34.5863293906052,33.88159995914767],[34.58973761925821,33.90497376517877],[34.59403079869629,33.92824704967059],[34.59920540070144,33.95139675675762],[34.60525701348853,33.97439993411809],[34.6121803432502,33.99723375600504],[34.61996921662674,34.01987554622596],[34.62861658411003,34.04230280104692],[34.63811452438941,34.06449321199677],[34.64845424964649,34.086424688546906],[34.65962611180449,34.10807538064195],[34.67161960973636,34.12942370105619],[34.68442339743499,34.15044834755115],[34.69802529314699,34.17112832480887],[34.712412289470485,34.191442966116064],[34.72757056441557,34.21137195477393],[34.74348549342492,34.230895345208445],[34.76014166235015,34.249993583756336],[34.77752288137822,34.26864752910159],[34.79561219990029,34.28683847233808],[34.81439192231412,34.304548156633395],[34.83384362474902,34.32175879646994],[34.853948172701045,34.33845309643905],[34.874685739564185,34.35461426956454],[34.89603582604168,34.370226055132484],[34.9179772804199,34.38527273600408],[34.94048831968523,34.39973915538958],[34.96354655146336,34.41361073306102],[34.98712899675773,34.42687348098278],[35.011212113463145,34.43951401833891],[35.035771820628185,34.45151958593749],[35.060783523439014,34.462878059972375],[35.086222138895096,34.473577965123866],[35.112062122146106,34.483608486980465],[35.138277493457885,34.492959483764544],[35.16484186577348,34.50162149734588],[35.19172847283455,34.509585763527895],[35.21891019782633,34.51684422159195],[35.24635960250907,34.52338952308674],[35.27404895679681,34.52921503985012],[35.301950268743916,34.534314871252256],[35.33003531489852,34.53868385064974],[35.35827567098127,34.5423175510415],[35.386642742846995,34.54521228991863],[35.41510779768597,34.547365133300886],[35.44364199542132,34.5487738989544],[35.47221642025831,34.54943715878587],[35.50080211234077,34.54935424040971],[35.52937009947019,34.54852522788608],[35.55789142884218,34.5469509616286],[35.58633719875552,34.54463303748199],[35.594221506307655,34.54385749162852],[35.6,34.55],[35.71666666666667,34.63333333333333],[35.63333333333333,34.916666666666664],[35.7,35.266666666666666],[35.6,35.416666666666664],[35.483333333333334,35.583333333333336],[35.666666666666664,35.916666666666664],[33.55,35.916666666666664],[30,36.083333333333336],[30,33.5],[33.983333333333334,31.833333333333332]]]}}, {"type":"Feature","id":8,"properties":{"_id":"67707515fd01cd6f2903e0ff","createdBy":"eBT9qSrxquPVguazo7MwJzzaf2p1","createdAt":"2024-12-28T22:00:53.965Z","updatedBy":"eBT9qSrxquPVguazo7MwJzzaf2p1","updatedAt":"2024-12-28T22:05:09.916Z","name":"LCPH ATZ","dataIngestion":true,"type":13,"icaoClass":1,"activity":0,"onDemand":false,"onRequest":false,"byNotam":false,"specialAgreement":false,"requestCompliance":false,"country":"CY","upperLimit":{"value":3000,"unit":1,"referenceDatum":1},"lowerLimit":{"value":0,"unit":1,"referenceDatum":0},"frequencies":[{"value":"130.625","primary":true,"unit":2,"name":"PAFOS TWR","_id":"67707515fd01cd6f2903e100"}],"hoursOfOperation":{"operatingHours":[{"dayOfWeek":0,"startTime":"00:00","endTime":"00:00","byNotam":false,"sunrise":false,"sunset":false,"publicHolidaysExcluded":false},{"dayOfWeek":1,"startTime":"00:00","endTime":"00:00","byNotam":false,"sunrise":false,"sunset":false,"publicHolidaysExcluded":false},{"dayOfWeek":2,"startTime":"00:00","endTime":"00:00","byNotam":false,"sunrise":false,"sunset":false,"publicHolidaysExcluded":false},{"dayOfWeek":3,"startTime":"00:00","endTime":"00:00","byNotam":false,"sunrise":false,"sunset":false,"publicHolidaysExcluded":false},{"dayOfWeek":4,"startTime":"00:00","endTime":"00:00","byNotam":false,"sunrise":false,"sunset":false,"publicHolidaysExcluded":false},{"dayOfWeek":5,"startTime":"00:00","endTime":"00:00","byNotam":false,"sunrise":false,"sunset":false,"publicHolidaysExcluded":false},{"dayOfWeek":6,"startTime":"00:00","endTime":"00:00","byNotam":false,"sunrise":false,"sunset":false,"publicHolidaysExcluded":false}]},"deletable":true},"geometry":{"type":"Polygon","coordinates":[[[32.48556,34.78468165254472],[32.48216316978178,34.78462316690997],[32.47877231317593,34.784447812857934],[32.47539339321358,34.78415589876315],[32.472032351782524,34.783747937976166],[32.468695099103776,34.783224647914295],[32.46538750326579,34.78258694879091],[32.46211537983539,34.78183596198567],[32.45888448156434,34.78097300805868],[32.455700488210276,34.77999960441204],[32.45256899649044,34.77891746260333],[32.44949551018634,34.77772848531553],[32.44648543041744,34.776434762989275],[32.443544046101266,34.77503857012331],[32.44067652461716,34.77354236124991],[32.43788790269048,34.771948766592686],[32.43518307751364,34.77026058741444],[32.432566798119794,34.76848079106376],[32.43004365702453,34.766612505729036],[32.427618082150495,34.7646590149097],[32.425294329049244,34.76262375161427],[32.423076473433916,34.76051029229618],[32.42096840403596,34.75832235053787],[32.41897381579835,34.7560637704947],[32.41709620341714,34.75373852011058],[32.415338855242396,34.751350684117334],[32.4137048475492,34.74890445683038],[32.41219703918827,34.74640413475373],[32.41081806662539,34.74385410900749],[32.409570339377815,34.741258857591355],[32.40845603585548,34.738622937497915],[32.407477099613445,34.7359509766899],[32.40663523602198,34.733247665955524],[32.405931909359346,34.730517750656475],[32.405368340331904,34.72776602238313],[32.40494550402514,34.724997310531876],[32.40466412828872,34.72221647381918],[32.40452469255752,34.71942839174781],[32.40452742711025,34.71663795603977],[32.40467231276605,34.71385006205135],[32.40495908101908,34.71106960018531],[32.40538721460995,34.70830144731514],[32.40595594853251,34.70555045823648],[32.40666427147335,34.702821457160816],[32.407510927680924,34.70011922926595],[32.40849441926029,34.69744851231825],[32.40961300888881,34.694813988381206],[32.41086472294749,34.692220275624535],[32.41224735506182,34.689671920248294],[32.413758470045394,34.68717338853576],[32.415395408238794,34.684729059048976],[32.4171552902359,34.68234321498028],[32.4190350219886,34.68002003667323],[32.42103130028082,34.677763594325505],[32.4231406185619,34.67557784088666],[32.42535927312871,34.6734666051626],[32.42768336964557,34.671433585138864],[32.43010882999038,34.66948234153392],[32.43263139941479,34.66761629159373],[32.435246654005844,34.66583870313801],[32.43795000843607,34.664152688868334],[32.44073672398842,34.662561200948],[32.44360191684222,34.66106702586253],[32.44654056660567,34.659672779569945],[32.44954752508028,34.658380902948664],[32.4526175252421,34.6571936575511],[32.45574519042443,34.65611312166988],[32.45892504368617,34.655141186723526],[32.46215151734987,34.65427955396766],[32.465418962693384,34.653529731537326],[32.46872165977844,34.65289303182529],[32.47205382739953,34.65237056920106],[32.475409633136344,34.65196325807409],[32.47878320349262,34.65167181130476],[32.48216863410434,34.651496738965655],[32.48556,34.65143834745529],[32.48895136589566,34.651496738965655],[32.492336796507374,34.65167181130476],[32.49571036686365,34.65196325807409],[32.499066172600465,34.65237056920106],[32.50239834022155,34.65289303182529],[32.50570103730661,34.653529731537326],[32.508968482650126,34.65427955396766],[32.51219495631383,34.655141186723526],[32.51537480957556,34.65611312166988],[32.518502474757895,34.6571936575511],[32.52157247491972,34.658380902948664],[32.52457943339432,34.659672779569945],[32.52751808315777,34.66106702586253],[32.53038327601157,34.662561200948],[32.53316999156392,34.664152688868334],[32.535873345994155,34.66583870313801],[32.538488600585204,34.66761629159373],[32.54101117000961,34.66948234153392],[32.54343663035442,34.671433585138864],[32.54576072687128,34.6734666051626],[32.54797938143808,34.67557784088666],[32.55008869971917,34.677763594325505],[32.5520849780114,34.68002003667323],[32.553964709764095,34.68234321498028],[32.5557245917612,34.684729059048976],[32.557361529954605,34.68717338853576],[32.55887264493817,34.689671920248294],[32.5602552770525,34.692220275624535],[32.56150699111119,34.694813988381206],[32.562625580739706,34.69744851231825],[32.56360907231906,34.70011922926595],[32.56445572852664,34.702821457160816],[32.565164051467484,34.70555045823648],[32.56573278539005,34.70830144731514],[32.56616091898091,34.71106960018531],[32.56644768723394,34.71385006205135],[32.56659257288974,34.71663795603977],[32.56659530744246,34.71942839174781],[32.56645587171127,34.72221647381918],[32.56617449597485,34.724997310531876],[32.565751659668095,34.72776602238313],[32.56518809064065,34.730517750656475],[32.56448476397802,34.733247665955524],[32.56364290038655,34.7359509766899],[32.562663964144505,34.738622937497915],[32.56154966062218,34.741258857591355],[32.56030193337461,34.74385410900749],[32.558922960811714,34.74640413475373],[32.55741515245079,34.74890445683038],[32.555781144757596,34.751350684117334],[32.554023796582854,34.75373852011058],[32.55214618420164,34.7560637704947],[32.55015159596403,34.75832235053787],[32.548043526566076,34.76051029229618],[32.54582567095075,34.76262375161427],[32.543501917849504,34.7646590149097],[32.54107634297547,34.766612505729036],[32.5385532018802,34.76848079106376],[32.53593692248636,34.77026058741444],[32.533232097309515,34.771948766592686],[32.53044347538284,34.77354236124991],[32.527575953898726,34.77503857012331],[32.52463456958255,34.776434762989275],[32.521624489813654,34.77772848531553],[32.51855100350956,34.77891746260333],[32.515419511789716,34.77999960441204],[32.51223551843566,34.78097300805868],[32.50900462016461,34.78183596198567],[32.505732496734204,34.78258694879091],[32.502424900896216,34.783224647914295],[32.49908764821747,34.783747937976166],[32.49572660678641,34.78415589876315],[32.49234768682406,34.784447812857934],[32.48895683021822,34.78462316690997],[32.48556,34.78468165254472]]]}}, {"type":"Feature","id":9,"properties":{"_id":"677150b638a9fe493b3451bd","createdBy":"eBT9qSrxquPVguazo7MwJzzaf2p1","createdAt":"2024-12-29T13:37:58.249Z","updatedBy":"eBT9qSrxquPVguazo7MwJzzaf2p1","updatedAt":"2024-12-29T13:40:02.280Z","name":"LCLK TMA 1","dataIngestion":true,"type":7,"icaoClass":2,"activity":0,"onDemand":false,"onRequest":false,"byNotam":false,"specialAgreement":false,"requestCompliance":false,"country":"CY","upperLimit":{"value":205,"unit":6,"referenceDatum":2},"lowerLimit":{"value":1000,"unit":1,"referenceDatum":1},"frequencies":[{"value":"130.200","primary":true,"unit":2,"name":"LARNACA APP","_id":"677150b638a9fe493b3451be"}],"hoursOfOperation":{"operatingHours":[{"dayOfWeek":0,"startTime":"00:00","endTime":"00:00","byNotam":false,"sunrise":false,"sunset":false,"publicHolidaysExcluded":false},{"dayOfWeek":1,"startTime":"00:00","endTime":"00:00","byNotam":false,"sunrise":false,"sunset":false,"publicHolidaysExcluded":false},{"dayOfWeek":2,"startTime":"00:00","endTime":"00:00","byNotam":false,"sunrise":false,"sunset":false,"publicHolidaysExcluded":false},{"dayOfWeek":3,"startTime":"00:00","endTime":"00:00","byNotam":false,"sunrise":false,"sunset":false,"publicHolidaysExcluded":false},{"dayOfWeek":4,"startTime":"00:00","endTime":"00:00","byNotam":false,"sunrise":false,"sunset":false,"publicHolidaysExcluded":false},{"dayOfWeek":5,"startTime":"00:00","endTime":"00:00","byNotam":false,"sunrise":false,"sunset":false,"publicHolidaysExcluded":false},{"dayOfWeek":6,"startTime":"00:00","endTime":"00:00","byNotam":false,"sunrise":false,"sunset":false,"publicHolidaysExcluded":false}]},"deletable":true},"geometry":{"type":"Polygon","coordinates":[[[33.69028,34.45889],[33.62167,34.60556],[33.61147,34.60579],[33.60129,34.60628],[33.59113,34.60704],[33.58101,34.60806],[33.57092,34.60933],[33.5609,34.61087],[33.55093,34.61267],[33.54104,34.61472],[33.53123,34.61702],[33.52151,34.61958],[33.5119,34.62238],[33.5024,34.62544],[33.49301,34.62873],[33.48376,34.63227],[33.47464,34.63604],[33.46568,34.64005],[33.45686,34.64428],[33.44822,34.64874],[33.43975,34.65342],[33.43146,34.65832],[33.42336,34.66343],[33.41545,34.66874],[33.40776,34.67425],[33.40027,34.67996],[33.39301,34.68587],[33.38598,34.69195],[33.37918,34.69821],[33.37262,34.70465],[33.36631,34.71125],[33.36639,34.71278],[33.11278,34.71667],[33.11452,34.713],[33.12091,34.69991],[33.12781,34.68699],[33.13519,34.67425],[33.14305,34.66172],[33.15138,34.64939],[33.16017,34.63728],[33.16943,34.6254],[33.17912,34.61377],[33.18926,34.60239],[33.19982,34.59128],[33.2108,34.58045],[33.22218,34.56991],[33.23395,34.55966],[33.24611,34.54972],[33.30833,34.54778],[33.31608,34.542],[33.32886,34.53419],[33.34193,34.52671],[33.35528,34.51957],[33.36889,34.51278],[33.38274,34.50634],[33.39684,34.50026],[33.41116,34.49455],[33.42568,34.48921],[33.4404,34.48425],[33.4553,34.47967],[33.47037,34.47547],[33.48559,34.47167],[33.50094,34.46826],[33.51642,34.46525],[33.532,34.46264],[33.54767,34.46043],[33.56342,34.45862],[33.57922,34.45722],[33.59508,34.45623],[33.61096,34.45565],[33.62686,34.45548],[33.64275,34.45572],[33.65863,34.45637],[33.67448,34.45742],[33.69028,34.45889]]]}}, {"type":"Feature","id":10,"properties":{"_id":"677150b638a9fe493b3451c1","createdBy":"eBT9qSrxquPVguazo7MwJzzaf2p1","createdAt":"2024-12-29T13:37:58.379Z","updatedBy":"eBT9qSrxquPVguazo7MwJzzaf2p1","updatedAt":"2024-12-29T13:40:03.267Z","name":"LCLK TMA 2","dataIngestion":true,"type":7,"icaoClass":2,"activity":0,"onDemand":false,"onRequest":false,"byNotam":false,"specialAgreement":false,"requestCompliance":false,"country":"CY","upperLimit":{"value":205,"unit":6,"referenceDatum":2},"lowerLimit":{"value":3500,"unit":1,"referenceDatum":1},"frequencies":[{"value":"130.200","primary":true,"unit":2,"name":"LARNACA APP","_id":"677150b638a9fe493b3451c2"}],"hoursOfOperation":{"operatingHours":[{"dayOfWeek":0,"startTime":"00:00","endTime":"00:00","byNotam":false,"sunrise":false,"sunset":false,"publicHolidaysExcluded":false},{"dayOfWeek":1,"startTime":"00:00","endTime":"00:00","byNotam":false,"sunrise":false,"sunset":false,"publicHolidaysExcluded":false},{"dayOfWeek":2,"startTime":"00:00","endTime":"00:00","byNotam":false,"sunrise":false,"sunset":false,"publicHolidaysExcluded":false},{"dayOfWeek":3,"startTime":"00:00","endTime":"00:00","byNotam":false,"sunrise":false,"sunset":false,"publicHolidaysExcluded":false},{"dayOfWeek":4,"startTime":"00:00","endTime":"00:00","byNotam":false,"sunrise":false,"sunset":false,"publicHolidaysExcluded":false},{"dayOfWeek":5,"startTime":"00:00","endTime":"00:00","byNotam":false,"sunrise":false,"sunset":false,"publicHolidaysExcluded":false},{"dayOfWeek":6,"startTime":"00:00","endTime":"00:00","byNotam":false,"sunrise":false,"sunset":false,"publicHolidaysExcluded":false}]},"deletable":true},"geometry":{"type":"Polygon","coordinates":[[[32.73,34.78778],[32.70778,34.57139],[33.24611,34.54972],[33.23395,34.55966],[33.22218,34.56991],[33.2108,34.58045],[33.19982,34.59128],[33.18926,34.60239],[33.17912,34.61377],[33.16943,34.6254],[33.16017,34.63728],[33.15138,34.64939],[33.14305,34.66172],[33.13519,34.67425],[33.12781,34.68699],[33.12091,34.69991],[33.11452,34.713],[33.10862,34.72625],[33.10323,34.73964],[33.09836,34.75317],[33.094,34.76681],[33.0925,34.77472],[32.73,34.78778]]]}}, {"type":"Feature","id":11,"properties":{"_id":"677150b638a9fe493b3451c5","createdBy":"eBT9qSrxquPVguazo7MwJzzaf2p1","createdAt":"2024-12-29T13:37:58.475Z","updatedBy":"eBT9qSrxquPVguazo7MwJzzaf2p1","updatedAt":"2024-12-29T13:40:03.398Z","name":"LCLK TMA 3","dataIngestion":true,"type":7,"icaoClass":2,"activity":0,"onDemand":false,"onRequest":false,"byNotam":false,"specialAgreement":false,"requestCompliance":false,"country":"CY","upperLimit":{"value":205,"unit":6,"referenceDatum":2},"lowerLimit":{"value":105,"unit":6,"referenceDatum":2},"frequencies":[{"value":"130.200","primary":true,"unit":2,"name":"LARNACA APP","_id":"677150b638a9fe493b3451c6"}],"hoursOfOperation":{"operatingHours":[{"dayOfWeek":0,"startTime":"00:00","endTime":"00:00","byNotam":false,"sunrise":false,"sunset":false,"publicHolidaysExcluded":false},{"dayOfWeek":1,"startTime":"00:00","endTime":"00:00","byNotam":false,"sunrise":false,"sunset":false,"publicHolidaysExcluded":false},{"dayOfWeek":2,"startTime":"00:00","endTime":"00:00","byNotam":false,"sunrise":false,"sunset":false,"publicHolidaysExcluded":false},{"dayOfWeek":3,"startTime":"00:00","endTime":"00:00","byNotam":false,"sunrise":false,"sunset":false,"publicHolidaysExcluded":false},{"dayOfWeek":4,"startTime":"00:00","endTime":"00:00","byNotam":false,"sunrise":false,"sunset":false,"publicHolidaysExcluded":false},{"dayOfWeek":5,"startTime":"00:00","endTime":"00:00","byNotam":false,"sunrise":false,"sunset":false,"publicHolidaysExcluded":false},{"dayOfWeek":6,"startTime":"00:00","endTime":"00:00","byNotam":false,"sunrise":false,"sunset":false,"publicHolidaysExcluded":false}]},"deletable":true},"geometry":{"type":"Polygon","coordinates":[[[32.49917,34.57833],[32.70778,34.57139],[32.74333,34.92],[32.5125,34.84528],[32.49917,34.57833]]]}}, {"type":"Feature","id":12,"properties":{"_id":"677150b638a9fe493b3451c9","createdBy":"eBT9qSrxquPVguazo7MwJzzaf2p1","createdAt":"2024-12-29T13:37:58.493Z","updatedBy":"eBT9qSrxquPVguazo7MwJzzaf2p1","updatedAt":"2024-12-29T13:40:03.544Z","name":"LCLK TMA 4","dataIngestion":true,"type":7,"icaoClass":2,"activity":0,"onDemand":false,"onRequest":false,"byNotam":false,"specialAgreement":false,"requestCompliance":false,"country":"CY","upperLimit":{"value":205,"unit":6,"referenceDatum":2},"lowerLimit":{"value":5500,"unit":1,"referenceDatum":1},"frequencies":[{"value":"130.200","primary":true,"unit":2,"name":"LARNACA APP","_id":"677150b638a9fe493b3451ca"}],"hoursOfOperation":{"operatingHours":[{"dayOfWeek":0,"startTime":"00:00","endTime":"00:00","byNotam":false,"sunrise":false,"sunset":false,"publicHolidaysExcluded":false},{"dayOfWeek":1,"startTime":"00:00","endTime":"00:00","byNotam":false,"sunrise":false,"sunset":false,"publicHolidaysExcluded":false},{"dayOfWeek":2,"startTime":"00:00","endTime":"00:00","byNotam":false,"sunrise":false,"sunset":false,"publicHolidaysExcluded":false},{"dayOfWeek":3,"startTime":"00:00","endTime":"00:00","byNotam":false,"sunrise":false,"sunset":false,"publicHolidaysExcluded":false},{"dayOfWeek":4,"startTime":"00:00","endTime":"00:00","byNotam":false,"sunrise":false,"sunset":false,"publicHolidaysExcluded":false},{"dayOfWeek":5,"startTime":"00:00","endTime":"00:00","byNotam":false,"sunrise":false,"sunset":false,"publicHolidaysExcluded":false},{"dayOfWeek":6,"startTime":"00:00","endTime":"00:00","byNotam":false,"sunrise":false,"sunset":false,"publicHolidaysExcluded":false}]},"deletable":true},"geometry":{"type":"Polygon","coordinates":[[[32.74333,34.92],[32.73,34.78778],[33.0925,34.77472],[33.08897,34.78851],[33.08596,34.80238],[33.08349,34.81632],[33.08155,34.83032],[33.08015,34.84436],[33.07928,34.85843],[33.07896,34.87251],[33.07917,34.8866],[33.07992,34.90067],[33.08121,34.91472],[33.08306,34.92833],[32.74333,34.92]]]}}, {"type":"Feature","id":13,"properties":{"_id":"677150b638a9fe493b3451cd","createdBy":"eBT9qSrxquPVguazo7MwJzzaf2p1","createdAt":"2024-12-29T13:37:58.508Z","updatedBy":"eBT9qSrxquPVguazo7MwJzzaf2p1","updatedAt":"2024-12-29T13:40:03.677Z","name":"LCLK TMA 5","dataIngestion":true,"type":7,"icaoClass":2,"activity":0,"onDemand":false,"onRequest":false,"byNotam":false,"specialAgreement":false,"requestCompliance":false,"country":"CY","upperLimit":{"value":205,"unit":6,"referenceDatum":2},"lowerLimit":{"value":7500,"unit":1,"referenceDatum":1},"frequencies":[{"value":"130.200","primary":true,"unit":2,"name":"LARNACA APP","_id":"677150b638a9fe493b3451ce"}],"hoursOfOperation":{"operatingHours":[{"dayOfWeek":0,"startTime":"00:00","endTime":"00:00","byNotam":false,"sunrise":false,"sunset":false,"publicHolidaysExcluded":false},{"dayOfWeek":1,"startTime":"00:00","endTime":"00:00","byNotam":false,"sunrise":false,"sunset":false,"publicHolidaysExcluded":false},{"dayOfWeek":2,"startTime":"00:00","endTime":"00:00","byNotam":false,"sunrise":false,"sunset":false,"publicHolidaysExcluded":false},{"dayOfWeek":3,"startTime":"00:00","endTime":"00:00","byNotam":false,"sunrise":false,"sunset":false,"publicHolidaysExcluded":false},{"dayOfWeek":4,"startTime":"00:00","endTime":"00:00","byNotam":false,"sunrise":false,"sunset":false,"publicHolidaysExcluded":false},{"dayOfWeek":5,"startTime":"00:00","endTime":"00:00","byNotam":false,"sunrise":false,"sunset":false,"publicHolidaysExcluded":false},{"dayOfWeek":6,"startTime":"00:00","endTime":"00:00","byNotam":false,"sunrise":false,"sunset":false,"publicHolidaysExcluded":false}]},"deletable":true},"geometry":{"type":"Polygon","coordinates":[[[32.99889,35.12417],[32.74333,34.92],[33.08306,34.92833],[33.08541,34.94229],[33.08829,34.95617],[33.09171,34.96998],[33.09565,34.98369],[33.10012,34.99729],[33.10511,35.01077],[33.11062,35.02411],[33.11664,35.03731],[33.12316,35.05034],[33.13019,35.0632],[33.1377,35.07587],[33.14417,35.08806],[32.99889,35.12417]]]}}, {"type":"Feature","id":14,"properties":{"_id":"677150b638a9fe493b3451d1","createdBy":"eBT9qSrxquPVguazo7MwJzzaf2p1","createdAt":"2024-12-29T13:37:58.544Z","updatedBy":"eBT9qSrxquPVguazo7MwJzzaf2p1","updatedAt":"2024-12-29T13:40:03.808Z","name":"LCLK TMA 6","dataIngestion":true,"type":7,"icaoClass":2,"activity":0,"onDemand":false,"onRequest":false,"byNotam":false,"specialAgreement":false,"requestCompliance":false,"country":"CY","upperLimit":{"value":205,"unit":6,"referenceDatum":2},"lowerLimit":{"value":8500,"unit":1,"referenceDatum":1},"frequencies":[{"value":"130.200","primary":true,"unit":2,"name":"LARNACA APP","_id":"677150b638a9fe493b3451d2"}],"hoursOfOperation":{"operatingHours":[{"dayOfWeek":0,"startTime":"00:00","endTime":"00:00","byNotam":false,"sunrise":false,"sunset":false,"publicHolidaysExcluded":false},{"dayOfWeek":1,"startTime":"00:00","endTime":"00:00","byNotam":false,"sunrise":false,"sunset":false,"publicHolidaysExcluded":false},{"dayOfWeek":2,"startTime":"00:00","endTime":"00:00","byNotam":false,"sunrise":false,"sunset":false,"publicHolidaysExcluded":false},{"dayOfWeek":3,"startTime":"00:00","endTime":"00:00","byNotam":false,"sunrise":false,"sunset":false,"publicHolidaysExcluded":false},{"dayOfWeek":4,"startTime":"00:00","endTime":"00:00","byNotam":false,"sunrise":false,"sunset":false,"publicHolidaysExcluded":false},{"dayOfWeek":5,"startTime":"00:00","endTime":"00:00","byNotam":false,"sunrise":false,"sunset":false,"publicHolidaysExcluded":false},{"dayOfWeek":6,"startTime":"00:00","endTime":"00:00","byNotam":false,"sunrise":false,"sunset":false,"publicHolidaysExcluded":false}]},"deletable":true},"geometry":{"type":"Polygon","coordinates":[[[33.14417,35.08806],[33.14281,35.08546],[33.13492,35.07292],[33.12752,35.06018],[33.12062,35.04725],[33.11421,35.03415],[33.10832,35.0209],[33.10294,35.00749],[33.09807,34.99396],[33.09373,34.98031],[33.08992,34.96655],[33.08663,34.9527],[33.08388,34.93877],[33.08167,34.92478],[33.07999,34.91074],[33.07885,34.89667],[33.07825,34.88257],[33.0782,34.86846],[33.07868,34.85436],[33.0797,34.84027],[33.08126,34.82622],[33.08335,34.81222],[33.08598,34.79828],[33.08915,34.78441],[33.09283,34.77063],[33.09705,34.75695],[33.10178,34.74339],[33.10702,34.72996],[33.11278,34.71667],[33.36639,34.71278],[33.36631,34.71125],[33.37262,34.70465],[33.37918,34.69821],[33.38598,34.69195],[33.39301,34.68587],[33.40027,34.67996],[33.40776,34.67425],[33.41545,34.66874],[33.42336,34.66343],[33.43146,34.65832],[33.43975,34.65342],[33.44822,34.64874],[33.45686,34.64428],[33.46568,34.64005],[33.47464,34.63604],[33.48376,34.63227],[33.49301,34.62873],[33.5024,34.62544],[33.5119,34.62238],[33.52151,34.61958],[33.53123,34.61702],[33.54104,34.61472],[33.55093,34.61267],[33.5609,34.61087],[33.57092,34.60933],[33.58101,34.60806],[33.59113,34.60704],[33.60129,34.60628],[33.61147,34.60579],[33.62167,34.60556],[33.69028,34.45889],[33.69879,34.46114],[33.71443,34.46323],[33.72999,34.46573],[33.74545,34.46862],[33.76079,34.4719],[33.77601,34.47559],[33.79107,34.47966],[33.80597,34.48412],[33.8207,34.48896],[33.83524,34.49418],[33.84957,34.49976],[33.86369,34.50572],[33.87757,34.51204],[33.89121,34.51871],[33.90459,34.52573],[33.9177,34.53309],[33.93052,34.54079],[33.94304,34.54881],[33.95526,34.55715],[33.96715,34.5658],[33.97872,34.57476],[33.98993,34.584],[34.00079,34.59354],[34.01128,34.60334],[34.0214,34.61342],[34.03113,34.62375],[34.04046,34.63432],[34.04939,34.64513],[34.0579,34.65616],[34.06599,34.66741],[34.07365,34.67886],[34.08087,34.69051],[34.08764,34.70233],[34.09396,34.71432],[34.09982,34.72647],[34.10521,34.73877],[34.11013,34.75119],[34.11458,34.76374],[34.11855,34.7764],[34.12203,34.78915],[34.12502,34.80199],[34.12752,34.81489],[34.12953,34.82786],[34.13104,34.84087],[34.13205,34.85391],[34.13256,34.86697],[34.13258,34.88004],[34.13209,34.8931],[34.1311,34.90615],[34.12961,34.91916],[34.12763,34.93213],[34.12514,34.94504],[34.12217,34.95787],[34.1187,34.97063],[34.11474,34.98329],[34.1103,34.99584],[34.10538,35.00827],[34.09998,35.02057],[34.09411,35.03273],[34.08778,35.04472],[33.47,35.00667],[33.14417,35.08806]]]}}, {"type":"Feature","id":15,"properties":{"_id":"677150b638a9fe493b3451d5","createdBy":"eBT9qSrxquPVguazo7MwJzzaf2p1","createdAt":"2024-12-29T13:37:58.565Z","updatedBy":"eBT9qSrxquPVguazo7MwJzzaf2p1","updatedAt":"2024-12-29T13:40:03.943Z","name":"LCP1","dataIngestion":true,"type":3,"icaoClass":8,"activity":0,"onDemand":false,"onRequest":false,"byNotam":false,"specialAgreement":false,"requestCompliance":false,"country":"CY","upperLimit":{"value":999,"unit":6,"referenceDatum":2},"lowerLimit":{"value":0,"unit":1,"referenceDatum":0},"hoursOfOperation":{"operatingHours":[{"dayOfWeek":0,"startTime":"00:00","endTime":"00:00","byNotam":false,"sunrise":false,"sunset":false,"publicHolidaysExcluded":false},{"dayOfWeek":1,"startTime":"00:00","endTime":"00:00","byNotam":false,"sunrise":false,"sunset":false,"publicHolidaysExcluded":false},{"dayOfWeek":2,"startTime":"00:00","endTime":"00:00","byNotam":false,"sunrise":false,"sunset":false,"publicHolidaysExcluded":false},{"dayOfWeek":3,"startTime":"00:00","endTime":"00:00","byNotam":false,"sunrise":false,"sunset":false,"publicHolidaysExcluded":false},{"dayOfWeek":4,"startTime":"00:00","endTime":"00:00","byNotam":false,"sunrise":false,"sunset":false,"publicHolidaysExcluded":false},{"dayOfWeek":5,"startTime":"00:00","endTime":"00:00","byNotam":false,"sunrise":false,"sunset":false,"publicHolidaysExcluded":false},{"dayOfWeek":6,"startTime":"00:00","endTime":"00:00","byNotam":false,"sunrise":false,"sunset":false,"publicHolidaysExcluded":false}]},"deletable":true},"geometry":{"type":"Polygon","coordinates":[[[32.36111,35.30139],[32.30778,35.31139],[32.25278,35.31111],[32.19944,35.30083],[32.15,35.28111],[32.1075,35.25278],[32.07361,35.2175],[32.05028,35.17667],[32.03556,35.13333],[32.02611,35.08889],[32.02694,35.04389],[32.03222,34.99917],[32.045,34.95528],[32.06167,34.91222],[32.07028,34.86778],[32.08472,34.82444],[32.11083,34.785],[32.14,34.74722],[32.16139,34.70556],[32.18333,34.66444],[32.21333,34.62667],[32.2525,34.59556],[32.29778,34.57028],[32.34306,34.54528],[32.38972,34.52222],[32.44056,34.50583],[32.49167,34.49056],[32.54306,34.47528],[32.59417,34.46],[32.64583,34.44556],[32.69972,34.44],[32.74417,34.44083],[32.79056,34.40417],[32.8375,34.38194],[32.88944,34.36889],[32.94361,34.365],[32.99806,34.36306],[33.05222,34.36306],[33.10528,34.3725],[33.15472,34.39139],[33.19833,34.41833],[33.23444,34.45167],[33.26583,34.50194],[33.30556,34.50861],[33.35833,34.51917],[33.41083,34.53111],[33.4625,34.54583],[33.51222,34.56417],[33.56194,34.5825],[33.61194,34.60056],[33.66194,34.61861],[33.71194,34.63667],[33.7575,34.66139],[33.79528,34.69361],[33.83333,34.74333],[33.87139,34.7425],[33.92528,34.75],[33.98361,34.76972],[34.02861,34.76111],[34.08278,34.75583],[34.13694,34.76028],[34.18861,34.77472],[34.235,34.79833],[34.27389,34.82972],[34.30333,34.86778],[34.3225,34.91],[34.33083,34.95444],[34.32694,34.99917],[34.31222,35.04278],[34.29222,35.08472],[34.26694,35.12444],[34.22583,35.1775],[34.24944,35.19694],[34.28278,35.23861],[34.32333,35.26111],[34.36861,35.28667],[34.41417,35.31194],[34.45944,35.3375],[34.50361,35.36444],[34.5475,35.39139],[34.59333,35.41667],[34.63889,35.44167],[34.68472,35.46694],[34.72889,35.49389],[34.76611,35.52694],[34.79417,35.56556],[34.81806,35.60611],[34.84,35.6475],[34.85111,35.69167],[34.85,35.73639],[34.83639,35.78],[34.81139,35.82028],[34.77583,35.85472],[34.73167,35.88167],[34.68139,35.9],[34.62694,35.90889],[34.57194,35.9075],[34.51833,35.89611],[34.46667,35.87972],[34.41528,35.86306],[34.36389,35.84667],[34.31278,35.82917],[34.26194,35.81111],[34.21139,35.79306],[34.16056,35.775],[34.11,35.75694],[34.05972,35.73806],[34.01444,35.7125],[33.97111,35.68444],[33.93806,35.66306],[33.87278,35.64722],[33.81972,35.63417],[33.76694,35.62139],[33.71389,35.60833],[33.66139,35.59472],[33.61028,35.57778],[33.55611,35.55972],[33.50444,35.55806],[33.44917,35.55639],[33.39417,35.55444],[33.33889,35.5525],[33.30194,35.55139],[33.22917,35.55861],[33.15528,35.56611],[33.12028,35.5725],[33.06639,35.5825],[33.0125,35.59222],[32.95861,35.60167],[32.90361,35.60389],[32.84944,35.59556],[32.79889,35.57778],[32.75444,35.55111],[32.71861,35.51722],[32.69278,35.4775],[32.67861,35.43389],[32.67611,35.395],[32.61389,35.39444],[32.56,35.38472],[32.50694,35.37333],[32.45444,35.35972],[32.40694,35.33722],[32.36111,35.30139]]]}}, {"type":"Feature","id":16,"properties":{"_id":"677150b638a9fe493b3451d8","createdBy":"eBT9qSrxquPVguazo7MwJzzaf2p1","createdAt":"2024-12-29T13:37:58.591Z","updatedBy":"eBT9qSrxquPVguazo7MwJzzaf2p1","updatedAt":"2024-12-29T13:40:04.104Z","name":"LCR1 LAKATAMIA","dataIngestion":true,"type":1,"icaoClass":8,"activity":0,"onDemand":false,"onRequest":false,"byNotam":false,"specialAgreement":false,"requestCompliance":false,"country":"CY","upperLimit":{"value":3000,"unit":1,"referenceDatum":1},"lowerLimit":{"value":0,"unit":1,"referenceDatum":0},"hoursOfOperation":{"operatingHours":[{"dayOfWeek":0,"startTime":"00:00","endTime":"00:00","byNotam":false,"sunrise":false,"sunset":false,"publicHolidaysExcluded":false},{"dayOfWeek":1,"startTime":"00:00","endTime":"00:00","byNotam":false,"sunrise":false,"sunset":false,"publicHolidaysExcluded":false},{"dayOfWeek":2,"startTime":"00:00","endTime":"00:00","byNotam":false,"sunrise":false,"sunset":false,"publicHolidaysExcluded":false},{"dayOfWeek":3,"startTime":"00:00","endTime":"00:00","byNotam":false,"sunrise":false,"sunset":false,"publicHolidaysExcluded":false},{"dayOfWeek":4,"startTime":"00:00","endTime":"00:00","byNotam":false,"sunrise":false,"sunset":false,"publicHolidaysExcluded":false},{"dayOfWeek":5,"startTime":"00:00","endTime":"00:00","byNotam":false,"sunrise":false,"sunset":false,"publicHolidaysExcluded":false},{"dayOfWeek":6,"startTime":"00:00","endTime":"00:00","byNotam":false,"sunrise":false,"sunset":false,"publicHolidaysExcluded":false}]},"deletable":true},"geometry":{"type":"Polygon","coordinates":[[[33.38,35.055],[33.35694,35.12556],[33.33611,35.11972],[33.30833,35.13222],[33.27889,35.08611],[33.325,35.07472],[33.38,35.055]]]}}, {"type":"Feature","id":17,"properties":{"_id":"677150b638a9fe493b3451db","createdBy":"eBT9qSrxquPVguazo7MwJzzaf2p1","createdAt":"2024-12-29T13:37:58.606Z","updatedBy":"eBT9qSrxquPVguazo7MwJzzaf2p1","updatedAt":"2024-12-29T13:40:04.262Z","name":"LCR25 AYIOS NICOLAOS","dataIngestion":true,"type":1,"icaoClass":8,"activity":0,"onDemand":false,"onRequest":false,"byNotam":false,"specialAgreement":false,"requestCompliance":false,"country":"CY","upperLimit":{"value":7000,"unit":1,"referenceDatum":1},"lowerLimit":{"value":0,"unit":1,"referenceDatum":0},"hoursOfOperation":{"operatingHours":[{"dayOfWeek":0,"startTime":"00:00","endTime":"00:00","byNotam":false,"sunrise":false,"sunset":false,"publicHolidaysExcluded":false},{"dayOfWeek":1,"startTime":"00:00","endTime":"00:00","byNotam":false,"sunrise":false,"sunset":false,"publicHolidaysExcluded":false},{"dayOfWeek":2,"startTime":"00:00","endTime":"00:00","byNotam":false,"sunrise":false,"sunset":false,"publicHolidaysExcluded":false},{"dayOfWeek":3,"startTime":"00:00","endTime":"00:00","byNotam":false,"sunrise":false,"sunset":false,"publicHolidaysExcluded":false},{"dayOfWeek":4,"startTime":"00:00","endTime":"00:00","byNotam":false,"sunrise":false,"sunset":false,"publicHolidaysExcluded":false},{"dayOfWeek":5,"startTime":"00:00","endTime":"00:00","byNotam":false,"sunrise":false,"sunset":false,"publicHolidaysExcluded":false},{"dayOfWeek":6,"startTime":"00:00","endTime":"00:00","byNotam":false,"sunrise":false,"sunset":false,"publicHolidaysExcluded":false}]},"deletable":true},"geometry":{"type":"Polygon","coordinates":[[[33.875,35.12483115243672],[33.874582157503724,35.12482399300256],[33.8741650482652,35.1248025272639],[33.873749404254255,35.12476679289026],[33.87333595486712,35.12471685259057],[33.872925425645334,35.124652794003154],[33.872518537001405,35.124574729541685],[33.87211600295351,35.12448279619779],[33.87171852987152,35.12437715530048],[33.871326815236415,35.12425799223272],[33.87094154641546,35.12412551610588],[33.87056339945512,35.12397995939245],[33.87019303789402,35.12382157751778],[33.86983111159782,35.12365064841145],[33.869478255618304,35.123467472019186],[33.86913508907846,35.123272369776124],[33.86880221408573,35.12306568404232],[33.86848021467513,35.12284777750151],[33.86816965578425,35.12261903252429],[33.867871082261864,35.12237985049664],[33.86758501791194,35.12213065111514],[33.86731196457466,35.12187187165007],[33.86705240124614,35.12160396617762],[33.866806783238296,35.121327404782676],[33.86657554138048,35.12104267273355],[33.86635908126408,35.12075026963004],[33.86615778253163,35.12045070852629],[33.86597199821146,35.12014451503031],[33.86580205409921,35.119832226381234],[33.86564824818724,35.119514390506374],[33.865510850142826,35.11919156505948],[33.86539010083623,35.11886431644197],[33.86528621191933,35.11853321880895],[33.865199365455645,35.11819885306151],[33.86512971360222,35.117861805827374],[33.86507737834414,35.11752266843153],[33.865042451281994,35.11718203585856],[33.86502499347262,35.11684050570873],[33.86502503532359,35.11649867714948],[33.865042576541356,35.11615714986423],[33.8650775861333,35.11581652300031],[33.86513000246368,35.11547739411795],[33.86519973336325,35.115140358142035],[33.86528665629247,35.11480600631855],[33.86539061855794,35.114474925177575],[33.86551143758168,35.11414769550452],[33.86564890122277,35.113824891321606],[33.86580276815083,35.11350707888109],[33.86597276827061,35.11319481567236],[33.86615860319691,35.11288864944428],[33.866359946779106,35.11258911724471],[33.86657644567428,35.11229674447892],[33.86680771996792,35.112012043988265],[33.867053363841094,35.111735515151196],[33.86731294628303,35.111467643007614],[33.86758601184775,35.11120889740866],[33.867872081453356,35.11095973219297],[33.868170653222826,35.110720584391174],[33.868481203364475,35.11049187345977],[33.8688031870909,35.11027400054597],[33.86913603957451,35.110067347784444],[33.86947917693819,35.1098722776277],[33.86983199727915,35.10968913221071],[33.870193881724376,35.10951823275134],[33.87056419551564,35.10935987898737],[33.87094228912234,35.10921434865119],[33.871327499380115,35.109081896983156],[33.871719150653256,35.10896275628418],[33.872116556018945,35.10885713550873],[33.87251901847119,35.10876521989864],[33.87292583214229,35.108687170658534],[33.87333628353997,35.10862312467326],[33.873749652797585,35.108573194268104],[33.87416521493567,35.10853746701197],[33.87458224113226,35.1085160055639],[33.875,35.10850884756328],[33.87541775886774,35.1085160055639],[33.87583478506432,35.10853746701197],[33.87625034720241,35.108573194268104],[33.87666371646003,35.10862312467326],[33.87707416785771,35.108687170658534],[33.87748098152882,35.10876521989864],[33.87788344398105,35.10885713550873],[33.878280849346744,35.10896275628418],[33.878672500619885,35.109081896983156],[33.87905771087766,35.10921434865119],[33.87943580448436,35.10935987898737],[33.87980611827562,35.10951823275134],[33.88016800272084,35.10968913221071],[33.88052082306181,35.1098722776277],[33.88086396042549,35.110067347784444],[33.88119681290911,35.11027400054597],[33.881518796635525,35.11049187345977],[33.881829346777174,35.110720584391174],[33.88212791854664,35.11095973219297],[33.88241398815225,35.11120889740866],[33.88268705371697,35.111467643007614],[33.882946636158906,35.111735515151196],[33.88319228003208,35.112012043988265],[33.88342355432571,35.11229674447892],[33.883640053220894,35.11258911724471],[33.88384139680309,35.11288864944428],[33.884027231729384,35.11319481567236],[33.884197231849164,35.11350707888109],[33.88435109877723,35.113824891321606],[33.88448856241832,35.11414769550452],[33.884609381442054,35.114474925177575],[33.88471334370753,35.11480600631855],[33.88480026663675,35.115140358142035],[33.88486999753631,35.11547739411795],[33.8849224138667,35.11581652300031],[33.884957423458644,35.11615714986423],[33.8849749646764,35.11649867714948],[33.88497500652738,35.11684050570873],[33.88495754871801,35.11718203585856],[33.88492262165585,35.11752266843153],[33.88487028639778,35.117861805827374],[33.884800634544355,35.11819885306151],[33.88471378808067,35.11853321880895],[33.88460989916377,35.11886431644197],[33.884489149857174,35.11919156505948],[33.88435175181276,35.119514390506374],[33.88419794590078,35.119832226381234],[33.88402800178854,35.12014451503031],[33.88384221746837,35.12045070852629],[33.88364091873592,35.12075026963004],[33.88342445861952,35.12104267273355],[33.8831932167617,35.121327404782676],[33.88294759875386,35.12160396617762],[33.88268803542533,35.12187187165007],[33.88241498208806,35.12213065111514],[33.882128917738136,35.12237985049664],[33.88183034421575,35.12261903252429],[33.88151978532486,35.12284777750151],[33.88119778591427,35.12306568404232],[33.88086491092154,35.123272369776124],[33.880521744381696,35.123467472019186],[33.880168888402174,35.12365064841145],[33.879806962105974,35.12382157751778],[33.87943660054488,35.12397995939245],[33.87905845358454,35.12412551610588],[33.878673184763585,35.12425799223272],[33.87828147012848,35.12437715530048],[33.87788399704648,35.12448279619779],[33.877481462998595,35.124574729541685],[33.87707457435466,35.124652794003154],[33.87666404513287,35.12471685259057],[33.87625059574574,35.12476679289026],[33.875834951734795,35.1248025272639],[33.87541784249627,35.12482399300256],[33.875,35.12483115243672]]]}}, {"type":"Feature","id":18,"properties":{"_id":"677150b638a9fe493b3451de","createdBy":"eBT9qSrxquPVguazo7MwJzzaf2p1","createdAt":"2024-12-29T13:37:58.628Z","updatedBy":"eBT9qSrxquPVguazo7MwJzzaf2p1","updatedAt":"2024-12-29T13:40:04.423Z","name":"LCD3 AKROTIRI HIGH","dataIngestion":true,"type":2,"icaoClass":8,"activity":0,"onDemand":false,"onRequest":false,"byNotam":false,"specialAgreement":false,"requestCompliance":false,"country":"CY","upperLimit":{"value":350,"unit":6,"referenceDatum":2},"lowerLimit":{"value":0,"unit":1,"referenceDatum":0},"hoursOfOperation":{"operatingHours":[{"dayOfWeek":0,"startTime":"00:00","endTime":"00:00","byNotam":false,"sunrise":false,"sunset":false,"publicHolidaysExcluded":false},{"dayOfWeek":1,"startTime":"00:00","endTime":"00:00","byNotam":false,"sunrise":false,"sunset":false,"publicHolidaysExcluded":false},{"dayOfWeek":2,"startTime":"00:00","endTime":"00:00","byNotam":false,"sunrise":false,"sunset":false,"publicHolidaysExcluded":false},{"dayOfWeek":3,"startTime":"00:00","endTime":"00:00","byNotam":false,"sunrise":false,"sunset":false,"publicHolidaysExcluded":false},{"dayOfWeek":4,"startTime":"00:00","endTime":"00:00","byNotam":false,"sunrise":false,"sunset":false,"publicHolidaysExcluded":false},{"dayOfWeek":5,"startTime":"00:00","endTime":"00:00","byNotam":false,"sunrise":false,"sunset":false,"publicHolidaysExcluded":false},{"dayOfWeek":6,"startTime":"00:00","endTime":"00:00","byNotam":false,"sunrise":false,"sunset":false,"publicHolidaysExcluded":false}]},"deletable":true},"geometry":{"type":"Polygon","coordinates":[[[31.93333,34.41667],[31.93333,34.22361],[32.14333,34.08333],[33.53333,34.08333],[33.53333,34.41667],[31.93333,34.41667]]]}}, {"type":"Feature","id":19,"properties":{"_id":"677150b638a9fe493b3451e1","createdBy":"eBT9qSrxquPVguazo7MwJzzaf2p1","createdAt":"2024-12-29T13:37:58.658Z","updatedBy":"eBT9qSrxquPVguazo7MwJzzaf2p1","updatedAt":"2024-12-29T13:40:04.546Z","name":"LCD4 AKROTIRI EXTENDED","dataIngestion":true,"type":2,"icaoClass":8,"activity":0,"onDemand":false,"onRequest":false,"byNotam":false,"specialAgreement":false,"requestCompliance":false,"country":"CY","upperLimit":{"value":350,"unit":6,"referenceDatum":2},"lowerLimit":{"value":0,"unit":1,"referenceDatum":0},"hoursOfOperation":{"operatingHours":[{"dayOfWeek":0,"startTime":"00:00","endTime":"00:00","byNotam":false,"sunrise":false,"sunset":false,"publicHolidaysExcluded":false},{"dayOfWeek":1,"startTime":"00:00","endTime":"00:00","byNotam":false,"sunrise":false,"sunset":false,"publicHolidaysExcluded":false},{"dayOfWeek":2,"startTime":"00:00","endTime":"00:00","byNotam":false,"sunrise":false,"sunset":false,"publicHolidaysExcluded":false},{"dayOfWeek":3,"startTime":"00:00","endTime":"00:00","byNotam":false,"sunrise":false,"sunset":false,"publicHolidaysExcluded":false},{"dayOfWeek":4,"startTime":"00:00","endTime":"00:00","byNotam":false,"sunrise":false,"sunset":false,"publicHolidaysExcluded":false},{"dayOfWeek":5,"startTime":"00:00","endTime":"00:00","byNotam":false,"sunrise":false,"sunset":false,"publicHolidaysExcluded":false},{"dayOfWeek":6,"startTime":"00:00","endTime":"00:00","byNotam":false,"sunrise":false,"sunset":false,"publicHolidaysExcluded":false}]},"deletable":true},"geometry":{"type":"Polygon","coordinates":[[[32.14333,34.08333],[32.81194,33.63333],[33.33917,33.63333],[33.53333,34.08333],[32.14333,34.08333]]]}}, {"type":"Feature","id":20,"properties":{"_id":"677150b638a9fe493b3451e4","createdBy":"eBT9qSrxquPVguazo7MwJzzaf2p1","createdAt":"2024-12-29T13:37:58.675Z","updatedBy":"eBT9qSrxquPVguazo7MwJzzaf2p1","updatedAt":"2024-12-29T13:40:04.688Z","name":"LCD6 POTAMIAS","dataIngestion":true,"type":2,"icaoClass":8,"activity":0,"onDemand":false,"onRequest":false,"byNotam":false,"specialAgreement":false,"requestCompliance":false,"country":"CY","upperLimit":{"value":2800,"unit":1,"referenceDatum":1},"lowerLimit":{"value":0,"unit":1,"referenceDatum":0},"hoursOfOperation":{"operatingHours":[{"dayOfWeek":0,"startTime":"00:00","endTime":"00:00","byNotam":false,"sunrise":false,"sunset":false,"publicHolidaysExcluded":false},{"dayOfWeek":1,"startTime":"00:00","endTime":"00:00","byNotam":false,"sunrise":false,"sunset":false,"publicHolidaysExcluded":false},{"dayOfWeek":2,"startTime":"00:00","endTime":"00:00","byNotam":false,"sunrise":false,"sunset":false,"publicHolidaysExcluded":false},{"dayOfWeek":3,"startTime":"00:00","endTime":"00:00","byNotam":false,"sunrise":false,"sunset":false,"publicHolidaysExcluded":false},{"dayOfWeek":4,"startTime":"00:00","endTime":"00:00","byNotam":false,"sunrise":false,"sunset":false,"publicHolidaysExcluded":false},{"dayOfWeek":5,"startTime":"00:00","endTime":"00:00","byNotam":false,"sunrise":false,"sunset":false,"publicHolidaysExcluded":false},{"dayOfWeek":6,"startTime":"00:00","endTime":"00:00","byNotam":false,"sunrise":false,"sunset":false,"publicHolidaysExcluded":false}]},"deletable":true},"geometry":{"type":"Polygon","coordinates":[[[33.43,35.05306],[33.43222,35.04889],[33.43417,35.04944],[33.43167,35.05389],[33.43,35.05306]]]}}, {"type":"Feature","id":21,"properties":{"_id":"677150b638a9fe493b3451e7","createdBy":"eBT9qSrxquPVguazo7MwJzzaf2p1","createdAt":"2024-12-29T13:37:58.688Z","updatedBy":"eBT9qSrxquPVguazo7MwJzzaf2p1","updatedAt":"2024-12-29T13:40:04.868Z","name":"LCD8 FANOU","dataIngestion":true,"type":2,"icaoClass":8,"activity":0,"onDemand":false,"onRequest":false,"byNotam":false,"specialAgreement":false,"requestCompliance":false,"country":"CY","upperLimit":{"value":2500,"unit":1,"referenceDatum":1},"lowerLimit":{"value":0,"unit":1,"referenceDatum":0},"hoursOfOperation":{"operatingHours":[{"dayOfWeek":0,"startTime":"00:00","endTime":"00:00","byNotam":false,"sunrise":false,"sunset":false,"publicHolidaysExcluded":false},{"dayOfWeek":1,"startTime":"00:00","endTime":"00:00","byNotam":false,"sunrise":false,"sunset":false,"publicHolidaysExcluded":false},{"dayOfWeek":2,"startTime":"00:00","endTime":"00:00","byNotam":false,"sunrise":false,"sunset":false,"publicHolidaysExcluded":false},{"dayOfWeek":3,"startTime":"00:00","endTime":"00:00","byNotam":false,"sunrise":false,"sunset":false,"publicHolidaysExcluded":false},{"dayOfWeek":4,"startTime":"00:00","endTime":"00:00","byNotam":false,"sunrise":false,"sunset":false,"publicHolidaysExcluded":false},{"dayOfWeek":5,"startTime":"00:00","endTime":"00:00","byNotam":false,"sunrise":false,"sunset":false,"publicHolidaysExcluded":false},{"dayOfWeek":6,"startTime":"00:00","endTime":"00:00","byNotam":false,"sunrise":false,"sunset":false,"publicHolidaysExcluded":false}]},"deletable":true},"geometry":{"type":"Polygon","coordinates":[[[34.03778,35.01167],[34.03389,35.00722],[34.03583,35.005],[34.04056,35.00833],[34.03778,35.01167]]]}}, {"type":"Feature","id":22,"properties":{"_id":"677150b638a9fe493b3451ea","createdBy":"eBT9qSrxquPVguazo7MwJzzaf2p1","createdAt":"2024-12-29T13:37:58.701Z","updatedBy":"eBT9qSrxquPVguazo7MwJzzaf2p1","updatedAt":"2024-12-29T13:40:05.082Z","name":"LCD10 AKROTIRI B","dataIngestion":true,"type":2,"icaoClass":8,"activity":0,"onDemand":false,"onRequest":false,"byNotam":false,"specialAgreement":false,"requestCompliance":false,"country":"CY","upperLimit":{"value":300,"unit":6,"referenceDatum":2},"lowerLimit":{"value":0,"unit":1,"referenceDatum":0},"hoursOfOperation":{"operatingHours":[{"dayOfWeek":0,"startTime":"00:00","endTime":"00:00","byNotam":false,"sunrise":false,"sunset":false,"publicHolidaysExcluded":false},{"dayOfWeek":1,"startTime":"00:00","endTime":"00:00","byNotam":false,"sunrise":false,"sunset":false,"publicHolidaysExcluded":false},{"dayOfWeek":2,"startTime":"00:00","endTime":"00:00","byNotam":false,"sunrise":false,"sunset":false,"publicHolidaysExcluded":false},{"dayOfWeek":3,"startTime":"00:00","endTime":"00:00","byNotam":false,"sunrise":false,"sunset":false,"publicHolidaysExcluded":false},{"dayOfWeek":4,"startTime":"00:00","endTime":"00:00","byNotam":false,"sunrise":false,"sunset":false,"publicHolidaysExcluded":false},{"dayOfWeek":5,"startTime":"00:00","endTime":"00:00","byNotam":false,"sunrise":false,"sunset":false,"publicHolidaysExcluded":false},{"dayOfWeek":6,"startTime":"00:00","endTime":"00:00","byNotam":false,"sunrise":false,"sunset":false,"publicHolidaysExcluded":false}]},"deletable":true},"geometry":{"type":"Polygon","coordinates":[[[32.93333,34.56667],[32.7,34.45],[32.86667,34.35],[33.11667,34.35],[33.25,34.45],[33.03333,34.56667],[32.93333,34.56667]]]}}, {"type":"Feature","id":23,"properties":{"_id":"677150b638a9fe493b3451ed","createdBy":"eBT9qSrxquPVguazo7MwJzzaf2p1","createdAt":"2024-12-29T13:37:58.713Z","updatedBy":"eBT9qSrxquPVguazo7MwJzzaf2p1","updatedAt":"2024-12-29T13:40:05.242Z","name":"LCD11 AKROTIRI C","dataIngestion":true,"type":2,"icaoClass":8,"activity":0,"onDemand":false,"onRequest":false,"byNotam":false,"specialAgreement":false,"requestCompliance":false,"country":"CY","upperLimit":{"value":1000,"unit":1,"referenceDatum":1},"lowerLimit":{"value":0,"unit":1,"referenceDatum":0},"hoursOfOperation":{"operatingHours":[{"dayOfWeek":0,"startTime":"00:00","endTime":"00:00","byNotam":false,"sunrise":false,"sunset":false,"publicHolidaysExcluded":false},{"dayOfWeek":1,"startTime":"00:00","endTime":"00:00","byNotam":false,"sunrise":false,"sunset":false,"publicHolidaysExcluded":false},{"dayOfWeek":2,"startTime":"00:00","endTime":"00:00","byNotam":false,"sunrise":false,"sunset":false,"publicHolidaysExcluded":false},{"dayOfWeek":3,"startTime":"00:00","endTime":"00:00","byNotam":false,"sunrise":false,"sunset":false,"publicHolidaysExcluded":false},{"dayOfWeek":4,"startTime":"00:00","endTime":"00:00","byNotam":false,"sunrise":false,"sunset":false,"publicHolidaysExcluded":false},{"dayOfWeek":5,"startTime":"00:00","endTime":"00:00","byNotam":false,"sunrise":false,"sunset":false,"publicHolidaysExcluded":false},{"dayOfWeek":6,"startTime":"00:00","endTime":"00:00","byNotam":false,"sunrise":false,"sunset":false,"publicHolidaysExcluded":false}]},"deletable":true},"geometry":{"type":"Polygon","coordinates":[[[32.96139,34.57778],[32.94694,34.57778],[32.93639,34.56972],[32.93583,34.54417],[32.96556,34.54417],[32.96139,34.57778]]]}}, {"type":"Feature","id":24,"properties":{"_id":"677150b638a9fe493b3451f0","createdBy":"eBT9qSrxquPVguazo7MwJzzaf2p1","createdAt":"2024-12-29T13:37:58.725Z","updatedBy":"eBT9qSrxquPVguazo7MwJzzaf2p1","updatedAt":"2024-12-29T13:40:05.380Z","name":"LCD17 KOUTRAFA","dataIngestion":true,"type":2,"icaoClass":8,"activity":0,"onDemand":false,"onRequest":false,"byNotam":false,"specialAgreement":false,"requestCompliance":false,"country":"CY","upperLimit":{"value":3100,"unit":1,"referenceDatum":1},"lowerLimit":{"value":0,"unit":1,"referenceDatum":0},"hoursOfOperation":{"operatingHours":[{"dayOfWeek":0,"startTime":"00:00","endTime":"00:00","byNotam":false,"sunrise":false,"sunset":false,"publicHolidaysExcluded":false},{"dayOfWeek":1,"startTime":"00:00","endTime":"00:00","byNotam":false,"sunrise":false,"sunset":false,"publicHolidaysExcluded":false},{"dayOfWeek":2,"startTime":"00:00","endTime":"00:00","byNotam":false,"sunrise":false,"sunset":false,"publicHolidaysExcluded":false},{"dayOfWeek":3,"startTime":"00:00","endTime":"00:00","byNotam":false,"sunrise":false,"sunset":false,"publicHolidaysExcluded":false},{"dayOfWeek":4,"startTime":"00:00","endTime":"00:00","byNotam":false,"sunrise":false,"sunset":false,"publicHolidaysExcluded":false},{"dayOfWeek":5,"startTime":"00:00","endTime":"00:00","byNotam":false,"sunrise":false,"sunset":false,"publicHolidaysExcluded":false},{"dayOfWeek":6,"startTime":"00:00","endTime":"00:00","byNotam":false,"sunrise":false,"sunset":false,"publicHolidaysExcluded":false}]},"deletable":true},"geometry":{"type":"Polygon","coordinates":[[[32.96694,35.07778],[32.96667,35.07389],[32.96833,35.07306],[32.96972,35.07333],[32.97056,35.07556],[32.97028,35.0775],[32.96694,35.07778]]]}}, {"type":"Feature","id":25,"properties":{"_id":"677150b638a9fe493b3451f3","createdBy":"eBT9qSrxquPVguazo7MwJzzaf2p1","createdAt":"2024-12-29T13:37:58.745Z","updatedBy":"eBT9qSrxquPVguazo7MwJzzaf2p1","updatedAt":"2024-12-29T13:40:05.502Z","name":"LCD18 PALIOMETOCHO","dataIngestion":true,"type":2,"icaoClass":8,"activity":0,"onDemand":false,"onRequest":false,"byNotam":false,"specialAgreement":false,"requestCompliance":false,"country":"CY","upperLimit":{"value":3000,"unit":1,"referenceDatum":1},"lowerLimit":{"value":0,"unit":1,"referenceDatum":0},"hoursOfOperation":{"operatingHours":[{"dayOfWeek":0,"startTime":"00:00","endTime":"00:00","byNotam":false,"sunrise":false,"sunset":false,"publicHolidaysExcluded":false},{"dayOfWeek":1,"startTime":"00:00","endTime":"00:00","byNotam":false,"sunrise":false,"sunset":false,"publicHolidaysExcluded":false},{"dayOfWeek":2,"startTime":"00:00","endTime":"00:00","byNotam":false,"sunrise":false,"sunset":false,"publicHolidaysExcluded":false},{"dayOfWeek":3,"startTime":"00:00","endTime":"00:00","byNotam":false,"sunrise":false,"sunset":false,"publicHolidaysExcluded":false},{"dayOfWeek":4,"startTime":"00:00","endTime":"00:00","byNotam":false,"sunrise":false,"sunset":false,"publicHolidaysExcluded":false},{"dayOfWeek":5,"startTime":"00:00","endTime":"00:00","byNotam":false,"sunrise":false,"sunset":false,"publicHolidaysExcluded":false},{"dayOfWeek":6,"startTime":"00:00","endTime":"00:00","byNotam":false,"sunrise":false,"sunset":false,"publicHolidaysExcluded":false}]},"deletable":true},"geometry":{"type":"Polygon","coordinates":[[[33.17444,35.10056],[33.175,35.09972],[33.18139,35.10028],[33.18028,35.10139],[33.17583,35.10139],[33.17444,35.10056]]]}}, {"type":"Feature","id":26,"properties":{"_id":"677150b638a9fe493b3451f6","createdBy":"eBT9qSrxquPVguazo7MwJzzaf2p1","createdAt":"2024-12-29T13:37:58.760Z","updatedBy":"eBT9qSrxquPVguazo7MwJzzaf2p1","updatedAt":"2024-12-29T13:40:05.620Z","name":"LCD20 TSERI","dataIngestion":true,"type":2,"icaoClass":8,"activity":0,"onDemand":false,"onRequest":false,"byNotam":false,"specialAgreement":false,"requestCompliance":false,"country":"CY","upperLimit":{"value":3000,"unit":1,"referenceDatum":1},"lowerLimit":{"value":0,"unit":1,"referenceDatum":0},"hoursOfOperation":{"operatingHours":[{"dayOfWeek":0,"startTime":"00:00","endTime":"00:00","byNotam":false,"sunrise":false,"sunset":false,"publicHolidaysExcluded":false},{"dayOfWeek":1,"startTime":"00:00","endTime":"00:00","byNotam":false,"sunrise":false,"sunset":false,"publicHolidaysExcluded":false},{"dayOfWeek":2,"startTime":"00:00","endTime":"00:00","byNotam":false,"sunrise":false,"sunset":false,"publicHolidaysExcluded":false},{"dayOfWeek":3,"startTime":"00:00","endTime":"00:00","byNotam":false,"sunrise":false,"sunset":false,"publicHolidaysExcluded":false},{"dayOfWeek":4,"startTime":"00:00","endTime":"00:00","byNotam":false,"sunrise":false,"sunset":false,"publicHolidaysExcluded":false},{"dayOfWeek":5,"startTime":"00:00","endTime":"00:00","byNotam":false,"sunrise":false,"sunset":false,"publicHolidaysExcluded":false},{"dayOfWeek":6,"startTime":"00:00","endTime":"00:00","byNotam":false,"sunrise":false,"sunset":false,"publicHolidaysExcluded":false}]},"deletable":true},"geometry":{"type":"Polygon","coordinates":[[[33.335,35.07583],[33.33556,35.07083],[33.34556,35.07083],[33.34556,35.07583],[33.335,35.07583]]]}}, {"type":"Feature","id":27,"properties":{"_id":"677150b638a9fe493b3451f9","createdBy":"eBT9qSrxquPVguazo7MwJzzaf2p1","createdAt":"2024-12-29T13:37:58.773Z","updatedBy":"eBT9qSrxquPVguazo7MwJzzaf2p1","updatedAt":"2024-12-29T13:40:05.832Z","name":"LCD21 MATHIATIS","dataIngestion":true,"type":2,"icaoClass":8,"activity":0,"onDemand":false,"onRequest":false,"byNotam":false,"specialAgreement":false,"requestCompliance":false,"country":"CY","upperLimit":{"value":3500,"unit":1,"referenceDatum":1},"lowerLimit":{"value":0,"unit":1,"referenceDatum":0},"hoursOfOperation":{"operatingHours":[{"dayOfWeek":0,"startTime":"00:00","endTime":"00:00","byNotam":false,"sunrise":false,"sunset":false,"publicHolidaysExcluded":false},{"dayOfWeek":1,"startTime":"00:00","endTime":"00:00","byNotam":false,"sunrise":false,"sunset":false,"publicHolidaysExcluded":false},{"dayOfWeek":2,"startTime":"00:00","endTime":"00:00","byNotam":false,"sunrise":false,"sunset":false,"publicHolidaysExcluded":false},{"dayOfWeek":3,"startTime":"00:00","endTime":"00:00","byNotam":false,"sunrise":false,"sunset":false,"publicHolidaysExcluded":false},{"dayOfWeek":4,"startTime":"00:00","endTime":"00:00","byNotam":false,"sunrise":false,"sunset":false,"publicHolidaysExcluded":false},{"dayOfWeek":5,"startTime":"00:00","endTime":"00:00","byNotam":false,"sunrise":false,"sunset":false,"publicHolidaysExcluded":false},{"dayOfWeek":6,"startTime":"00:00","endTime":"00:00","byNotam":false,"sunrise":false,"sunset":false,"publicHolidaysExcluded":false}]},"deletable":true},"geometry":{"type":"Polygon","coordinates":[[[33.32861,34.94667],[33.32833,34.94667],[33.32806,34.94639],[33.32833,34.94611],[33.32861,34.94667]]]}}, {"type":"Feature","id":28,"properties":{"_id":"677150b638a9fe493b3451fc","createdBy":"eBT9qSrxquPVguazo7MwJzzaf2p1","createdAt":"2024-12-29T13:37:58.785Z","updatedBy":"eBT9qSrxquPVguazo7MwJzzaf2p1","updatedAt":"2024-12-29T13:40:05.960Z","name":"LCD22 MANSOURA","dataIngestion":true,"type":2,"icaoClass":8,"activity":0,"onDemand":false,"onRequest":false,"byNotam":false,"specialAgreement":false,"requestCompliance":false,"country":"CY","upperLimit":{"value":2300,"unit":1,"referenceDatum":1},"lowerLimit":{"value":0,"unit":1,"referenceDatum":0},"hoursOfOperation":{"operatingHours":[{"dayOfWeek":0,"startTime":"00:00","endTime":"00:00","byNotam":false,"sunrise":false,"sunset":false,"publicHolidaysExcluded":false},{"dayOfWeek":1,"startTime":"00:00","endTime":"00:00","byNotam":false,"sunrise":false,"sunset":false,"publicHolidaysExcluded":false},{"dayOfWeek":2,"startTime":"00:00","endTime":"00:00","byNotam":false,"sunrise":false,"sunset":false,"publicHolidaysExcluded":false},{"dayOfWeek":3,"startTime":"00:00","endTime":"00:00","byNotam":false,"sunrise":false,"sunset":false,"publicHolidaysExcluded":false},{"dayOfWeek":4,"startTime":"00:00","endTime":"00:00","byNotam":false,"sunrise":false,"sunset":false,"publicHolidaysExcluded":false},{"dayOfWeek":5,"startTime":"00:00","endTime":"00:00","byNotam":false,"sunrise":false,"sunset":false,"publicHolidaysExcluded":false},{"dayOfWeek":6,"startTime":"00:00","endTime":"00:00","byNotam":false,"sunrise":false,"sunset":false,"publicHolidaysExcluded":false}]},"deletable":true},"geometry":{"type":"Polygon","coordinates":[[[32.64167,35.18278],[32.64111,35.18333],[32.63917,35.18306],[32.64,35.18194],[32.64139,35.1825],[32.64167,35.18278]]]}}, {"type":"Feature","id":29,"properties":{"_id":"677150b638a9fe493b3451ff","createdBy":"eBT9qSrxquPVguazo7MwJzzaf2p1","createdAt":"2024-12-29T13:37:58.798Z","updatedBy":"eBT9qSrxquPVguazo7MwJzzaf2p1","updatedAt":"2024-12-29T13:40:06.113Z","name":"LCD23 KORNOS","dataIngestion":true,"type":2,"icaoClass":8,"activity":0,"onDemand":false,"onRequest":false,"byNotam":false,"specialAgreement":false,"requestCompliance":false,"country":"CY","upperLimit":{"value":2500,"unit":1,"referenceDatum":1},"lowerLimit":{"value":0,"unit":1,"referenceDatum":0},"hoursOfOperation":{"operatingHours":[{"dayOfWeek":0,"startTime":"00:00","endTime":"00:00","byNotam":false,"sunrise":false,"sunset":false,"publicHolidaysExcluded":false},{"dayOfWeek":1,"startTime":"00:00","endTime":"00:00","byNotam":false,"sunrise":false,"sunset":false,"publicHolidaysExcluded":false},{"dayOfWeek":2,"startTime":"00:00","endTime":"00:00","byNotam":false,"sunrise":false,"sunset":false,"publicHolidaysExcluded":false},{"dayOfWeek":3,"startTime":"00:00","endTime":"00:00","byNotam":false,"sunrise":false,"sunset":false,"publicHolidaysExcluded":false},{"dayOfWeek":4,"startTime":"00:00","endTime":"00:00","byNotam":false,"sunrise":false,"sunset":false,"publicHolidaysExcluded":false},{"dayOfWeek":5,"startTime":"00:00","endTime":"00:00","byNotam":false,"sunrise":false,"sunset":false,"publicHolidaysExcluded":false},{"dayOfWeek":6,"startTime":"00:00","endTime":"00:00","byNotam":false,"sunrise":false,"sunset":false,"publicHolidaysExcluded":false}]},"deletable":true},"geometry":{"type":"Polygon","coordinates":[[[33.38389,34.92639],[33.38389,34.92861],[33.38222,34.92861],[33.38222,34.92528],[33.38306,34.92528],[33.38389,34.92639]]]}}, {"type":"Feature","id":30,"properties":{"_id":"677150b638a9fe493b345202","createdBy":"eBT9qSrxquPVguazo7MwJzzaf2p1","createdAt":"2024-12-29T13:37:58.812Z","updatedBy":"eBT9qSrxquPVguazo7MwJzzaf2p1","updatedAt":"2024-12-29T13:40:06.221Z","name":"LCD24 KORNOS ILAP","dataIngestion":true,"type":2,"icaoClass":8,"activity":0,"onDemand":false,"onRequest":false,"byNotam":false,"specialAgreement":false,"requestCompliance":false,"country":"CY","upperLimit":{"value":2500,"unit":1,"referenceDatum":1},"lowerLimit":{"value":0,"unit":1,"referenceDatum":0},"hoursOfOperation":{"operatingHours":[{"dayOfWeek":0,"startTime":"00:00","endTime":"00:00","byNotam":false,"sunrise":false,"sunset":false,"publicHolidaysExcluded":false},{"dayOfWeek":1,"startTime":"00:00","endTime":"00:00","byNotam":false,"sunrise":false,"sunset":false,"publicHolidaysExcluded":false},{"dayOfWeek":2,"startTime":"00:00","endTime":"00:00","byNotam":false,"sunrise":false,"sunset":false,"publicHolidaysExcluded":false},{"dayOfWeek":3,"startTime":"00:00","endTime":"00:00","byNotam":false,"sunrise":false,"sunset":false,"publicHolidaysExcluded":false},{"dayOfWeek":4,"startTime":"00:00","endTime":"00:00","byNotam":false,"sunrise":false,"sunset":false,"publicHolidaysExcluded":false},{"dayOfWeek":5,"startTime":"00:00","endTime":"00:00","byNotam":false,"sunrise":false,"sunset":false,"publicHolidaysExcluded":false},{"dayOfWeek":6,"startTime":"00:00","endTime":"00:00","byNotam":false,"sunrise":false,"sunset":false,"publicHolidaysExcluded":false}]},"deletable":true},"geometry":{"type":"Polygon","coordinates":[[[33.38028,34.92778],[33.38139,34.92833],[33.38056,34.92917],[33.37944,34.92917],[33.37944,34.92778],[33.38028,34.92778]]]}}, {"type":"Feature","id":31,"properties":{"_id":"677150b638a9fe493b345205","createdBy":"eBT9qSrxquPVguazo7MwJzzaf2p1","createdAt":"2024-12-29T13:37:58.826Z","updatedBy":"eBT9qSrxquPVguazo7MwJzzaf2p1","updatedAt":"2024-12-29T13:40:06.354Z","name":"LCD39 AYIA FILA","dataIngestion":true,"type":2,"icaoClass":8,"activity":0,"onDemand":false,"onRequest":false,"byNotam":false,"specialAgreement":false,"requestCompliance":false,"country":"CY","upperLimit":{"value":2700,"unit":1,"referenceDatum":1},"lowerLimit":{"value":0,"unit":1,"referenceDatum":0},"hoursOfOperation":{"operatingHours":[{"dayOfWeek":0,"startTime":"00:00","endTime":"00:00","byNotam":false,"sunrise":false,"sunset":false,"publicHolidaysExcluded":false},{"dayOfWeek":1,"startTime":"00:00","endTime":"00:00","byNotam":false,"sunrise":false,"sunset":false,"publicHolidaysExcluded":false},{"dayOfWeek":2,"startTime":"00:00","endTime":"00:00","byNotam":false,"sunrise":false,"sunset":false,"publicHolidaysExcluded":false},{"dayOfWeek":3,"startTime":"00:00","endTime":"00:00","byNotam":false,"sunrise":false,"sunset":false,"publicHolidaysExcluded":false},{"dayOfWeek":4,"startTime":"00:00","endTime":"00:00","byNotam":false,"sunrise":false,"sunset":false,"publicHolidaysExcluded":false},{"dayOfWeek":5,"startTime":"00:00","endTime":"00:00","byNotam":false,"sunrise":false,"sunset":false,"publicHolidaysExcluded":false},{"dayOfWeek":6,"startTime":"00:00","endTime":"00:00","byNotam":false,"sunrise":false,"sunset":false,"publicHolidaysExcluded":false}]},"deletable":true},"geometry":{"type":"Polygon","coordinates":[[[33.01444,34.72972],[33.01889,34.73333],[33.01722,34.73556],[33.01417,34.73278],[33.01333,34.73],[33.01444,34.72972]]]}}, {"type":"Feature","id":32,"properties":{"_id":"677150b638a9fe493b345208","createdBy":"eBT9qSrxquPVguazo7MwJzzaf2p1","createdAt":"2024-12-29T13:37:58.838Z","updatedBy":"eBT9qSrxquPVguazo7MwJzzaf2p1","updatedAt":"2024-12-29T13:40:06.454Z","name":"LCD40 ASGATA","dataIngestion":true,"type":2,"icaoClass":8,"activity":0,"onDemand":false,"onRequest":false,"byNotam":false,"specialAgreement":false,"requestCompliance":false,"country":"CY","upperLimit":{"value":2800,"unit":1,"referenceDatum":1},"lowerLimit":{"value":0,"unit":1,"referenceDatum":0},"hoursOfOperation":{"operatingHours":[{"dayOfWeek":0,"startTime":"00:00","endTime":"00:00","byNotam":false,"sunrise":false,"sunset":false,"publicHolidaysExcluded":false},{"dayOfWeek":1,"startTime":"00:00","endTime":"00:00","byNotam":false,"sunrise":false,"sunset":false,"publicHolidaysExcluded":false},{"dayOfWeek":2,"startTime":"00:00","endTime":"00:00","byNotam":false,"sunrise":false,"sunset":false,"publicHolidaysExcluded":false},{"dayOfWeek":3,"startTime":"00:00","endTime":"00:00","byNotam":false,"sunrise":false,"sunset":false,"publicHolidaysExcluded":false},{"dayOfWeek":4,"startTime":"00:00","endTime":"00:00","byNotam":false,"sunrise":false,"sunset":false,"publicHolidaysExcluded":false},{"dayOfWeek":5,"startTime":"00:00","endTime":"00:00","byNotam":false,"sunrise":false,"sunset":false,"publicHolidaysExcluded":false},{"dayOfWeek":6,"startTime":"00:00","endTime":"00:00","byNotam":false,"sunrise":false,"sunset":false,"publicHolidaysExcluded":false}]},"deletable":true},"geometry":{"type":"Polygon","coordinates":[[[33.26417,34.79611],[33.26056,34.79694],[33.26,34.79639],[33.26139,34.79472],[33.26444,34.79417],[33.26417,34.79611]]]}}, {"type":"Feature","id":33,"properties":{"_id":"677150b638a9fe493b34520b","createdBy":"eBT9qSrxquPVguazo7MwJzzaf2p1","createdAt":"2024-12-29T13:37:58.853Z","updatedBy":"eBT9qSrxquPVguazo7MwJzzaf2p1","updatedAt":"2024-12-29T13:40:10.791Z","name":"LCD41 ANARITA","dataIngestion":true,"type":2,"icaoClass":8,"activity":0,"onDemand":false,"onRequest":false,"byNotam":false,"specialAgreement":false,"requestCompliance":false,"country":"CY","upperLimit":{"value":2800,"unit":1,"referenceDatum":1},"lowerLimit":{"value":0,"unit":1,"referenceDatum":0},"hoursOfOperation":{"operatingHours":[{"dayOfWeek":0,"startTime":"00:00","endTime":"00:00","byNotam":false,"sunrise":false,"sunset":false,"publicHolidaysExcluded":false},{"dayOfWeek":1,"startTime":"00:00","endTime":"00:00","byNotam":false,"sunrise":false,"sunset":false,"publicHolidaysExcluded":false},{"dayOfWeek":2,"startTime":"00:00","endTime":"00:00","byNotam":false,"sunrise":false,"sunset":false,"publicHolidaysExcluded":false},{"dayOfWeek":3,"startTime":"00:00","endTime":"00:00","byNotam":false,"sunrise":false,"sunset":false,"publicHolidaysExcluded":false},{"dayOfWeek":4,"startTime":"00:00","endTime":"00:00","byNotam":false,"sunrise":false,"sunset":false,"publicHolidaysExcluded":false},{"dayOfWeek":5,"startTime":"00:00","endTime":"00:00","byNotam":false,"sunrise":false,"sunset":false,"publicHolidaysExcluded":false},{"dayOfWeek":6,"startTime":"00:00","endTime":"00:00","byNotam":false,"sunrise":false,"sunset":false,"publicHolidaysExcluded":false}]},"deletable":true},"geometry":{"type":"Polygon","coordinates":[[[32.55333,34.76306],[32.54472,34.77056],[32.54111,34.77],[32.54139,34.7675],[32.54389,34.76444],[32.54694,34.76278],[32.55333,34.76306]]]}}, {"type":"Feature","id":34,"properties":{"_id":"677150b638a9fe493b34520e","createdBy":"eBT9qSrxquPVguazo7MwJzzaf2p1","createdAt":"2024-12-29T13:37:58.866Z","updatedBy":"eBT9qSrxquPVguazo7MwJzzaf2p1","updatedAt":"2024-12-29T13:40:11.060Z","name":"LCD43 KLIROU ILAP","dataIngestion":true,"type":2,"icaoClass":8,"activity":0,"onDemand":false,"onRequest":false,"byNotam":false,"specialAgreement":false,"requestCompliance":false,"country":"CY","upperLimit":{"value":3400,"unit":1,"referenceDatum":1},"lowerLimit":{"value":0,"unit":1,"referenceDatum":0},"hoursOfOperation":{"operatingHours":[{"dayOfWeek":0,"startTime":"00:00","endTime":"00:00","byNotam":false,"sunrise":false,"sunset":false,"publicHolidaysExcluded":false},{"dayOfWeek":1,"startTime":"00:00","endTime":"00:00","byNotam":false,"sunrise":false,"sunset":false,"publicHolidaysExcluded":false},{"dayOfWeek":2,"startTime":"00:00","endTime":"00:00","byNotam":false,"sunrise":false,"sunset":false,"publicHolidaysExcluded":false},{"dayOfWeek":3,"startTime":"00:00","endTime":"00:00","byNotam":false,"sunrise":false,"sunset":false,"publicHolidaysExcluded":false},{"dayOfWeek":4,"startTime":"00:00","endTime":"00:00","byNotam":false,"sunrise":false,"sunset":false,"publicHolidaysExcluded":false},{"dayOfWeek":5,"startTime":"00:00","endTime":"00:00","byNotam":false,"sunrise":false,"sunset":false,"publicHolidaysExcluded":false},{"dayOfWeek":6,"startTime":"00:00","endTime":"00:00","byNotam":false,"sunrise":false,"sunset":false,"publicHolidaysExcluded":false}]},"deletable":true},"geometry":{"type":"Polygon","coordinates":[[[33.15472,35.02611],[33.15444,35.02583],[33.155,35.02528],[33.15528,35.02556],[33.15472,35.02611]]]}}, {"type":"Feature","id":35,"properties":{"_id":"677150b638a9fe493b345211","createdBy":"eBT9qSrxquPVguazo7MwJzzaf2p1","createdAt":"2024-12-29T13:37:58.878Z","updatedBy":"eBT9qSrxquPVguazo7MwJzzaf2p1","updatedAt":"2024-12-29T13:40:11.246Z","name":"LCD44 BARBARA 1","dataIngestion":true,"type":2,"icaoClass":8,"activity":0,"onDemand":false,"onRequest":false,"byNotam":false,"specialAgreement":false,"requestCompliance":false,"country":"CY","upperLimit":{"value":200,"unit":6,"referenceDatum":2},"lowerLimit":{"value":0,"unit":1,"referenceDatum":0},"hoursOfOperation":{"operatingHours":[{"dayOfWeek":0,"startTime":"00:00","endTime":"00:00","byNotam":false,"sunrise":false,"sunset":false,"publicHolidaysExcluded":false},{"dayOfWeek":1,"startTime":"00:00","endTime":"00:00","byNotam":false,"sunrise":false,"sunset":false,"publicHolidaysExcluded":false},{"dayOfWeek":2,"startTime":"00:00","endTime":"00:00","byNotam":false,"sunrise":false,"sunset":false,"publicHolidaysExcluded":false},{"dayOfWeek":3,"startTime":"00:00","endTime":"00:00","byNotam":false,"sunrise":false,"sunset":false,"publicHolidaysExcluded":false},{"dayOfWeek":4,"startTime":"00:00","endTime":"00:00","byNotam":false,"sunrise":false,"sunset":false,"publicHolidaysExcluded":false},{"dayOfWeek":5,"startTime":"00:00","endTime":"00:00","byNotam":false,"sunrise":false,"sunset":false,"publicHolidaysExcluded":false},{"dayOfWeek":6,"startTime":"00:00","endTime":"00:00","byNotam":false,"sunrise":false,"sunset":false,"publicHolidaysExcluded":false}]},"deletable":true},"geometry":{"type":"Polygon","coordinates":[[[34,34.41667],[34,34.16667],[34.13333,34],[34.31667,34.38333],[34.11667,34.49167],[34,34.41667]]]}}, {"type":"Feature","id":36,"properties":{"_id":"677150b638a9fe493b345214","createdBy":"eBT9qSrxquPVguazo7MwJzzaf2p1","createdAt":"2024-12-29T13:37:58.890Z","updatedBy":"eBT9qSrxquPVguazo7MwJzzaf2p1","updatedAt":"2024-12-29T13:40:11.379Z","name":"LCD45 BARBARA 2","dataIngestion":true,"type":2,"icaoClass":8,"activity":0,"onDemand":false,"onRequest":false,"byNotam":false,"specialAgreement":false,"requestCompliance":false,"country":"CY","upperLimit":{"value":200,"unit":6,"referenceDatum":2},"lowerLimit":{"value":0,"unit":1,"referenceDatum":0},"hoursOfOperation":{"operatingHours":[{"dayOfWeek":0,"startTime":"00:00","endTime":"00:00","byNotam":false,"sunrise":false,"sunset":false,"publicHolidaysExcluded":false},{"dayOfWeek":1,"startTime":"00:00","endTime":"00:00","byNotam":false,"sunrise":false,"sunset":false,"publicHolidaysExcluded":false},{"dayOfWeek":2,"startTime":"00:00","endTime":"00:00","byNotam":false,"sunrise":false,"sunset":false,"publicHolidaysExcluded":false},{"dayOfWeek":3,"startTime":"00:00","endTime":"00:00","byNotam":false,"sunrise":false,"sunset":false,"publicHolidaysExcluded":false},{"dayOfWeek":4,"startTime":"00:00","endTime":"00:00","byNotam":false,"sunrise":false,"sunset":false,"publicHolidaysExcluded":false},{"dayOfWeek":5,"startTime":"00:00","endTime":"00:00","byNotam":false,"sunrise":false,"sunset":false,"publicHolidaysExcluded":false},{"dayOfWeek":6,"startTime":"00:00","endTime":"00:00","byNotam":false,"sunrise":false,"sunset":false,"publicHolidaysExcluded":false}]},"deletable":true},"geometry":{"type":"Polygon","coordinates":[[[34.38333,34.34167],[34.23333,34],[34.55,34],[34.59583,34.22917],[34.38333,34.34167]]]}}, {"type":"Feature","id":37,"properties":{"_id":"677150b638a9fe493b345217","createdBy":"eBT9qSrxquPVguazo7MwJzzaf2p1","createdAt":"2024-12-29T13:37:58.902Z","updatedBy":"eBT9qSrxquPVguazo7MwJzzaf2p1","updatedAt":"2024-12-29T13:40:11.494Z","name":"LCD46 ELINA","dataIngestion":true,"type":2,"icaoClass":8,"activity":0,"onDemand":false,"onRequest":false,"byNotam":false,"specialAgreement":false,"requestCompliance":false,"country":"CY","upperLimit":{"value":40000,"unit":1,"referenceDatum":1},"lowerLimit":{"value":5000,"unit":1,"referenceDatum":1},"hoursOfOperation":{"operatingHours":[{"dayOfWeek":0,"startTime":"00:00","endTime":"00:00","byNotam":false,"sunrise":false,"sunset":false,"publicHolidaysExcluded":false},{"dayOfWeek":1,"startTime":"00:00","endTime":"00:00","byNotam":false,"sunrise":false,"sunset":false,"publicHolidaysExcluded":false},{"dayOfWeek":2,"startTime":"00:00","endTime":"00:00","byNotam":false,"sunrise":false,"sunset":false,"publicHolidaysExcluded":false},{"dayOfWeek":3,"startTime":"00:00","endTime":"00:00","byNotam":false,"sunrise":false,"sunset":false,"publicHolidaysExcluded":false},{"dayOfWeek":4,"startTime":"00:00","endTime":"00:00","byNotam":false,"sunrise":false,"sunset":false,"publicHolidaysExcluded":false},{"dayOfWeek":5,"startTime":"00:00","endTime":"00:00","byNotam":false,"sunrise":false,"sunset":false,"publicHolidaysExcluded":false},{"dayOfWeek":6,"startTime":"00:00","endTime":"00:00","byNotam":false,"sunrise":false,"sunset":false,"publicHolidaysExcluded":false}]},"deletable":true},"geometry":{"type":"Polygon","coordinates":[[[34.61,33.66556],[34.29944,33.66556],[34.35444,32.61389],[34.53333,32.71667],[34.56167,32.86333],[34.60833,33.08833],[34.71667,33.1],[34.95,33.1],[34.99861,33.18],[34.82972,33.29861],[34.7225,33.41972],[34.64028,33.54667],[34.61,33.66556]]]}}, {"type":"Feature","id":38,"properties":{"_id":"677150b638a9fe493b34521a","createdBy":"eBT9qSrxquPVguazo7MwJzzaf2p1","createdAt":"2024-12-29T13:37:58.917Z","updatedBy":"eBT9qSrxquPVguazo7MwJzzaf2p1","updatedAt":"2024-12-29T13:40:11.612Z","name":"LCD47 SOTIA","dataIngestion":true,"type":2,"icaoClass":8,"activity":0,"onDemand":false,"onRequest":false,"byNotam":false,"specialAgreement":false,"requestCompliance":false,"country":"CY","upperLimit":{"value":350,"unit":6,"referenceDatum":2},"lowerLimit":{"value":0,"unit":1,"referenceDatum":0},"hoursOfOperation":{"operatingHours":[{"dayOfWeek":0,"startTime":"00:00","endTime":"00:00","byNotam":false,"sunrise":false,"sunset":false,"publicHolidaysExcluded":false},{"dayOfWeek":1,"startTime":"00:00","endTime":"00:00","byNotam":false,"sunrise":false,"sunset":false,"publicHolidaysExcluded":false},{"dayOfWeek":2,"startTime":"00:00","endTime":"00:00","byNotam":false,"sunrise":false,"sunset":false,"publicHolidaysExcluded":false},{"dayOfWeek":3,"startTime":"00:00","endTime":"00:00","byNotam":false,"sunrise":false,"sunset":false,"publicHolidaysExcluded":false},{"dayOfWeek":4,"startTime":"00:00","endTime":"00:00","byNotam":false,"sunrise":false,"sunset":false,"publicHolidaysExcluded":false},{"dayOfWeek":5,"startTime":"00:00","endTime":"00:00","byNotam":false,"sunrise":false,"sunset":false,"publicHolidaysExcluded":false},{"dayOfWeek":6,"startTime":"00:00","endTime":"00:00","byNotam":false,"sunrise":false,"sunset":false,"publicHolidaysExcluded":false}]},"deletable":true},"geometry":{"type":"Polygon","coordinates":[[[33.24278,34.41667],[32.42972,33.89167],[32.81194,33.63333],[33.33917,33.63333],[33.53333,34.08333],[33.53333,34.41667],[33.24278,34.41667]]]}}, {"type":"Feature","id":39,"properties":{"_id":"677150b638a9fe493b34521d","createdBy":"eBT9qSrxquPVguazo7MwJzzaf2p1","createdAt":"2024-12-29T13:37:58.945Z","updatedBy":"eBT9qSrxquPVguazo7MwJzzaf2p1","updatedAt":"2024-12-29T13:40:11.740Z","name":"LCD48 BARBARA 3","dataIngestion":true,"type":2,"icaoClass":8,"activity":0,"onDemand":false,"onRequest":false,"byNotam":false,"specialAgreement":false,"requestCompliance":false,"country":"CY","upperLimit":{"value":300,"unit":6,"referenceDatum":2},"lowerLimit":{"value":0,"unit":1,"referenceDatum":0},"hoursOfOperation":{"operatingHours":[{"dayOfWeek":0,"startTime":"00:00","endTime":"00:00","byNotam":false,"sunrise":false,"sunset":false,"publicHolidaysExcluded":false},{"dayOfWeek":1,"startTime":"00:00","endTime":"00:00","byNotam":false,"sunrise":false,"sunset":false,"publicHolidaysExcluded":false},{"dayOfWeek":2,"startTime":"00:00","endTime":"00:00","byNotam":false,"sunrise":false,"sunset":false,"publicHolidaysExcluded":false},{"dayOfWeek":3,"startTime":"00:00","endTime":"00:00","byNotam":false,"sunrise":false,"sunset":false,"publicHolidaysExcluded":false},{"dayOfWeek":4,"startTime":"00:00","endTime":"00:00","byNotam":false,"sunrise":false,"sunset":false,"publicHolidaysExcluded":false},{"dayOfWeek":5,"startTime":"00:00","endTime":"00:00","byNotam":false,"sunrise":false,"sunset":false,"publicHolidaysExcluded":false},{"dayOfWeek":6,"startTime":"00:00","endTime":"00:00","byNotam":false,"sunrise":false,"sunset":false,"publicHolidaysExcluded":false}]},"deletable":true},"geometry":{"type":"Polygon","coordinates":[[[34.56667,34.25],[34.23333,34],[34.43333,33.88333],[34.69167,34.16667],[34.56667,34.25]]]}}, {"type":"Feature","id":40,"properties":{"_id":"677150b638a9fe493b345220","createdBy":"eBT9qSrxquPVguazo7MwJzzaf2p1","createdAt":"2024-12-29T13:37:58.957Z","updatedBy":"eBT9qSrxquPVguazo7MwJzzaf2p1","updatedAt":"2024-12-29T13:40:11.867Z","name":"LCD50 AHULB","dataIngestion":true,"type":2,"icaoClass":8,"activity":0,"onDemand":false,"onRequest":false,"byNotam":false,"specialAgreement":false,"requestCompliance":false,"country":"CY","upperLimit":{"value":300,"unit":6,"referenceDatum":2},"lowerLimit":{"value":200,"unit":6,"referenceDatum":2},"hoursOfOperation":{"operatingHours":[{"dayOfWeek":0,"startTime":"00:00","endTime":"00:00","byNotam":false,"sunrise":false,"sunset":false,"publicHolidaysExcluded":false},{"dayOfWeek":1,"startTime":"00:00","endTime":"00:00","byNotam":false,"sunrise":false,"sunset":false,"publicHolidaysExcluded":false},{"dayOfWeek":2,"startTime":"00:00","endTime":"00:00","byNotam":false,"sunrise":false,"sunset":false,"publicHolidaysExcluded":false},{"dayOfWeek":3,"startTime":"00:00","endTime":"00:00","byNotam":false,"sunrise":false,"sunset":false,"publicHolidaysExcluded":false},{"dayOfWeek":4,"startTime":"00:00","endTime":"00:00","byNotam":false,"sunrise":false,"sunset":false,"publicHolidaysExcluded":false},{"dayOfWeek":5,"startTime":"00:00","endTime":"00:00","byNotam":false,"sunrise":false,"sunset":false,"publicHolidaysExcluded":false},{"dayOfWeek":6,"startTime":"00:00","endTime":"00:00","byNotam":false,"sunrise":false,"sunset":false,"publicHolidaysExcluded":false}]},"deletable":true},"geometry":{"type":"Polygon","coordinates":[[[34.80194,34.58333],[35.45139,34.55639],[35.46361,35.91667],[34.79639,35.91667],[34.80194,34.58333]]]}}, {"type":"Feature","id":41,"properties":{"_id":"677150b638a9fe493b345223","createdBy":"eBT9qSrxquPVguazo7MwJzzaf2p1","createdAt":"2024-12-29T13:37:58.970Z","updatedBy":"eBT9qSrxquPVguazo7MwJzzaf2p1","updatedAt":"2024-12-29T13:40:11.974Z","name":"LCD51 AHRA 1","dataIngestion":true,"type":2,"icaoClass":8,"activity":0,"onDemand":false,"onRequest":false,"byNotam":false,"specialAgreement":false,"requestCompliance":false,"country":"CY","upperLimit":{"value":250,"unit":6,"referenceDatum":2},"lowerLimit":{"value":0,"unit":1,"referenceDatum":0},"hoursOfOperation":{"operatingHours":[{"dayOfWeek":0,"startTime":"00:00","endTime":"00:00","byNotam":false,"sunrise":false,"sunset":false,"publicHolidaysExcluded":false},{"dayOfWeek":1,"startTime":"00:00","endTime":"00:00","byNotam":false,"sunrise":false,"sunset":false,"publicHolidaysExcluded":false},{"dayOfWeek":2,"startTime":"00:00","endTime":"00:00","byNotam":false,"sunrise":false,"sunset":false,"publicHolidaysExcluded":false},{"dayOfWeek":3,"startTime":"00:00","endTime":"00:00","byNotam":false,"sunrise":false,"sunset":false,"publicHolidaysExcluded":false},{"dayOfWeek":4,"startTime":"00:00","endTime":"00:00","byNotam":false,"sunrise":false,"sunset":false,"publicHolidaysExcluded":false},{"dayOfWeek":5,"startTime":"00:00","endTime":"00:00","byNotam":false,"sunrise":false,"sunset":false,"publicHolidaysExcluded":false},{"dayOfWeek":6,"startTime":"00:00","endTime":"00:00","byNotam":false,"sunrise":false,"sunset":false,"publicHolidaysExcluded":false}]},"deletable":true},"geometry":{"type":"Polygon","coordinates":[[[35.45,35.13333],[35.06667,35.13333],[35.06667,34.81667],[35.45,34.81667],[35.45,35.13333]]]}}, {"type":"Feature","id":42,"properties":{"_id":"677150b638a9fe493b345226","createdBy":"eBT9qSrxquPVguazo7MwJzzaf2p1","createdAt":"2024-12-29T13:37:58.982Z","updatedBy":"eBT9qSrxquPVguazo7MwJzzaf2p1","updatedAt":"2024-12-29T13:40:12.093Z","name":"LCD52 AHRA 2","dataIngestion":true,"type":2,"icaoClass":8,"activity":0,"onDemand":false,"onRequest":false,"byNotam":false,"specialAgreement":false,"requestCompliance":false,"country":"CY","upperLimit":{"value":250,"unit":6,"referenceDatum":2},"lowerLimit":{"value":0,"unit":1,"referenceDatum":0},"hoursOfOperation":{"operatingHours":[{"dayOfWeek":0,"startTime":"00:00","endTime":"00:00","byNotam":false,"sunrise":false,"sunset":false,"publicHolidaysExcluded":false},{"dayOfWeek":1,"startTime":"00:00","endTime":"00:00","byNotam":false,"sunrise":false,"sunset":false,"publicHolidaysExcluded":false},{"dayOfWeek":2,"startTime":"00:00","endTime":"00:00","byNotam":false,"sunrise":false,"sunset":false,"publicHolidaysExcluded":false},{"dayOfWeek":3,"startTime":"00:00","endTime":"00:00","byNotam":false,"sunrise":false,"sunset":false,"publicHolidaysExcluded":false},{"dayOfWeek":4,"startTime":"00:00","endTime":"00:00","byNotam":false,"sunrise":false,"sunset":false,"publicHolidaysExcluded":false},{"dayOfWeek":5,"startTime":"00:00","endTime":"00:00","byNotam":false,"sunrise":false,"sunset":false,"publicHolidaysExcluded":false},{"dayOfWeek":6,"startTime":"00:00","endTime":"00:00","byNotam":false,"sunrise":false,"sunset":false,"publicHolidaysExcluded":false}]},"deletable":true},"geometry":{"type":"Polygon","coordinates":[[[30,35.61667],[30,35.26667],[30.51667,35.26667],[30.51667,35.61667],[30,35.61667]]]}}, {"type":"Feature","id":43,"properties":{"_id":"677150b638a9fe493b345229","createdBy":"eBT9qSrxquPVguazo7MwJzzaf2p1","createdAt":"2024-12-29T13:37:58.994Z","updatedBy":"eBT9qSrxquPVguazo7MwJzzaf2p1","updatedAt":"2024-12-29T13:40:14.809Z","name":"LCD53 AHRA 3","dataIngestion":true,"type":2,"icaoClass":8,"activity":0,"onDemand":false,"onRequest":false,"byNotam":false,"specialAgreement":false,"requestCompliance":false,"country":"CY","upperLimit":{"value":250,"unit":6,"referenceDatum":2},"lowerLimit":{"value":0,"unit":1,"referenceDatum":0},"hoursOfOperation":{"operatingHours":[{"dayOfWeek":0,"startTime":"00:00","endTime":"00:00","byNotam":false,"sunrise":false,"sunset":false,"publicHolidaysExcluded":false},{"dayOfWeek":1,"startTime":"00:00","endTime":"00:00","byNotam":false,"sunrise":false,"sunset":false,"publicHolidaysExcluded":false},{"dayOfWeek":2,"startTime":"00:00","endTime":"00:00","byNotam":false,"sunrise":false,"sunset":false,"publicHolidaysExcluded":false},{"dayOfWeek":3,"startTime":"00:00","endTime":"00:00","byNotam":false,"sunrise":false,"sunset":false,"publicHolidaysExcluded":false},{"dayOfWeek":4,"startTime":"00:00","endTime":"00:00","byNotam":false,"sunrise":false,"sunset":false,"publicHolidaysExcluded":false},{"dayOfWeek":5,"startTime":"00:00","endTime":"00:00","byNotam":false,"sunrise":false,"sunset":false,"publicHolidaysExcluded":false},{"dayOfWeek":6,"startTime":"00:00","endTime":"00:00","byNotam":false,"sunrise":false,"sunset":false,"publicHolidaysExcluded":false}]},"deletable":true},"geometry":{"type":"Polygon","coordinates":[[[35,35.66667],[34.66667,34.71667],[35.6,34.66667],[35.33333,35.66667],[35,35.66667]]]}}, {"type":"Feature","id":44,"properties":{"_id":"677150b738a9fe493b34522c","createdBy":"eBT9qSrxquPVguazo7MwJzzaf2p1","createdAt":"2024-12-29T13:37:59.010Z","updatedBy":"eBT9qSrxquPVguazo7MwJzzaf2p1","updatedAt":"2024-12-29T13:40:14.992Z","name":"LCD54 AHRA 4","dataIngestion":true,"type":2,"icaoClass":8,"activity":0,"onDemand":false,"onRequest":false,"byNotam":false,"specialAgreement":false,"requestCompliance":false,"country":"CY","upperLimit":{"value":250,"unit":6,"referenceDatum":2},"lowerLimit":{"value":0,"unit":1,"referenceDatum":0},"hoursOfOperation":{"operatingHours":[{"dayOfWeek":0,"startTime":"00:00","endTime":"00:00","byNotam":false,"sunrise":false,"sunset":false,"publicHolidaysExcluded":false},{"dayOfWeek":1,"startTime":"00:00","endTime":"00:00","byNotam":false,"sunrise":false,"sunset":false,"publicHolidaysExcluded":false},{"dayOfWeek":2,"startTime":"00:00","endTime":"00:00","byNotam":false,"sunrise":false,"sunset":false,"publicHolidaysExcluded":false},{"dayOfWeek":3,"startTime":"00:00","endTime":"00:00","byNotam":false,"sunrise":false,"sunset":false,"publicHolidaysExcluded":false},{"dayOfWeek":4,"startTime":"00:00","endTime":"00:00","byNotam":false,"sunrise":false,"sunset":false,"publicHolidaysExcluded":false},{"dayOfWeek":5,"startTime":"00:00","endTime":"00:00","byNotam":false,"sunrise":false,"sunset":false,"publicHolidaysExcluded":false},{"dayOfWeek":6,"startTime":"00:00","endTime":"00:00","byNotam":false,"sunrise":false,"sunset":false,"publicHolidaysExcluded":false}]},"deletable":true},"geometry":{"type":"Polygon","coordinates":[[[33.41667,33.66667],[33.41667,33.34167],[33.85,33.34167],[33.85,33.66667],[33.41667,33.66667]]]}}, {"type":"Feature","id":45,"properties":{"_id":"677150b738a9fe493b34522f","createdBy":"eBT9qSrxquPVguazo7MwJzzaf2p1","createdAt":"2024-12-29T13:37:59.028Z","updatedBy":"eBT9qSrxquPVguazo7MwJzzaf2p1","updatedAt":"2024-12-29T13:40:15.201Z","name":"LCTSA1 KOSHI","dataIngestion":true,"type":9,"icaoClass":8,"activity":0,"onDemand":false,"onRequest":false,"byNotam":false,"specialAgreement":false,"requestCompliance":false,"country":"CY","upperLimit":{"value":2000,"unit":1,"referenceDatum":1},"lowerLimit":{"value":0,"unit":1,"referenceDatum":0},"hoursOfOperation":{"operatingHours":[{"dayOfWeek":0,"startTime":"00:00","endTime":"00:00","byNotam":false,"sunrise":false,"sunset":false,"publicHolidaysExcluded":false},{"dayOfWeek":1,"startTime":"00:00","endTime":"00:00","byNotam":false,"sunrise":false,"sunset":false,"publicHolidaysExcluded":false},{"dayOfWeek":2,"startTime":"00:00","endTime":"00:00","byNotam":false,"sunrise":false,"sunset":false,"publicHolidaysExcluded":false},{"dayOfWeek":3,"startTime":"00:00","endTime":"00:00","byNotam":false,"sunrise":false,"sunset":false,"publicHolidaysExcluded":false},{"dayOfWeek":4,"startTime":"00:00","endTime":"00:00","byNotam":false,"sunrise":false,"sunset":false,"publicHolidaysExcluded":false},{"dayOfWeek":5,"startTime":"00:00","endTime":"00:00","byNotam":false,"sunrise":false,"sunset":false,"publicHolidaysExcluded":false},{"dayOfWeek":6,"startTime":"00:00","endTime":"00:00","byNotam":false,"sunrise":false,"sunset":false,"publicHolidaysExcluded":false}]},"deletable":true},"geometry":{"type":"Polygon","coordinates":[[[33.49361,34.99066392309353],[33.49315027654275,34.99065603302858],[33.49269135986213,34.99063237668013],[33.49223405531752,34.990592995563105],[33.49177916543637,34.99053795878799],[33.49132748850445,34.99046736293946],[33.49087981716361,34.9903813319067],[33.49043693701947,34.990280016665764],[33.48999962526153,34.990163595014415],[33.48956864929814,34.99003227125975],[33.48914476540869,34.9898862758594],[33.488728717415405,34.98972586501668],[33.488321235377164,34.98955132023058],[33.48792303430751,34.98936294780135],[33.48753481291918,34.98916107829249],[33.487157252397516,34.9889460659502],[33.48679101520448,34.988718288081216],[33.48643674391595,34.98847814439013],[33.48609506009385,34.9882260562775],[33.485766563195405,34.98796246609974],[33.48545182952127,34.987687836392425],[33.48515141120449,34.98740264905798],[33.48486583524199,34.98710740451954],[33.484595602570295,34.986802620842305],[33.484341187187155,34.98648883282388],[33.48410303532057,34.986166591055394],[33.483881564646694,34.98583646095482],[33.48367716355791,34.98549902177439],[33.48349019048251,34.985154865583745],[33.48332097325698,34.984804596230624],[33.48316980855214,34.98444882828096],[33.483036961354024,34.98408818594019],[33.48292266450046,34.983723301957696],[33.48282711827414,34.98335481651637],[33.482750490052965,34.98298337610908],[33.48269291401799,34.98260963240431],[33.48265449091988,34.98223424110249],[33.48263528790391,34.981857860785645],[33.482635338394054,34.98148115176182],[33.482654642036145,34.9811047749066],[33.4826931647004,34.980729390503726],[33.48275083854317,34.98035565708684],[33.48282756212774,34.97998423028424],[33.48292320060413,34.979615761668946],[33.483037585947386,34.979250897615806],[33.48317051725413,34.97889027816794],[33.48332176109655,34.978534535914136],[33.483491051933534,34.97818429487961],[33.483678092577925,34.97784016943166],[33.4838825547193,34.97750276320236],[33.484104079501115,34.97717266803024],[33.48434227815146,34.97685046292256],[33.48459673266604,34.9765367130401],[33.48486699654236,34.97623196870651],[33.485152595563804,34.97593676444344],[33.48545302863208,34.975651618033574],[33.485767768646824,34.97537702961299],[33.486096263430504,34.97511348079453],[33.48643793669729,34.974861433823634],[33.48679218906401,34.974621330768166],[33.487158399101446,34.97439359274363],[33.487535924424215,34.97417861917516],[33.48792410281722,34.97397678709753],[33.488322253396746,34.97378845049435],[33.48872967780417,34.97361393967785],[33.48914566143021,34.97345356071],[33.48956947466746,34.97330759486622],[33.49000037418927,34.9731762981425],[33.49043760425244,34.97305990080686],[33.49088039802167,34.97295860699585],[33.49132797891328,34.97287259435692],[33.49177956195611,34.97280201373711],[33.492234355166865,34.972746988918765],[33.49269156093786,34.97270761640271],[33.49315037743446,34.97268396523909],[33.49361,34.97267607690646],[33.49406962256553,34.97268396523909],[33.49452843906213,34.97270761640271],[33.49498564483312,34.972746988918765],[33.495440438043886,34.97280201373711],[33.49589202108671,34.97287259435692],[33.49633960197833,34.97295860699585],[33.496782395747545,34.97305990080686],[33.49721962581072,34.9731762981425],[33.49765052533253,34.97330759486622],[33.498074338569786,34.97345356071],[33.49849032219582,34.97361393967785],[33.49889774660325,34.97378845049435],[33.499295897182776,34.97397678709753],[33.49968407557578,34.97417861917516],[33.50006160089855,34.97439359274363],[33.50042781093598,34.974621330768166],[33.500782063302694,34.974861433823634],[33.50112373656949,34.97511348079453],[33.50145223135317,34.97537702961299],[33.501766971367914,34.975651618033574],[33.50206740443619,34.97593676444344],[33.50235300345763,34.97623196870651],[33.50262326733395,34.9765367130401],[33.50287772184853,34.97685046292256],[33.50311592049888,34.97717266803024],[33.50333744528069,34.97750276320236],[33.50354190742207,34.97784016943166],[33.50372894806646,34.97818429487961],[33.50389823890344,34.978534535914136],[33.50404948274586,34.97889027816794],[33.5041824140526,34.979250897615806],[33.50429679939587,34.979615761668946],[33.504392437872255,34.97998423028424],[33.50446916145682,34.98035565708684],[33.504526835299586,34.980729390503726],[33.504565357963855,34.9811047749066],[33.504584661605946,34.98148115176182],[33.50458471209608,34.981857860785645],[33.504565509080116,34.98223424110249],[33.504527085982005,34.98260963240431],[33.50446950994703,34.98298337610908],[33.50439288172585,34.98335481651637],[33.504297335499544,34.983723301957696],[33.50418303864597,34.98408818594019],[33.50405019144785,34.98444882828096],[33.503899026743014,34.984804596230624],[33.50372980951748,34.985154865583745],[33.50354283644209,34.98549902177439],[33.50333843535331,34.98583646095482],[33.50311696467943,34.986166591055394],[33.50287881281284,34.98648883282388],[33.5026243974297,34.986802620842305],[33.502354164758,34.98710740451954],[33.5020685887955,34.98740264905798],[33.50176817047873,34.987687836392425],[33.501453436804596,34.98796246609974],[33.50112493990614,34.9882260562775],[33.50078325608404,34.98847814439013],[33.50042898479551,34.988718288081216],[33.500062747602485,34.9889460659502],[33.49968518708081,34.98916107829249],[33.499296965692494,34.98936294780135],[33.49889876462283,34.98955132023058],[33.49849128258458,34.98972586501668],[33.4980752345913,34.9898862758594],[33.497651350701844,34.99003227125975],[33.49722037473847,34.990163595014415],[33.49678306298052,34.990280016665764],[33.496340182836384,34.9903813319067],[33.49589251149554,34.99046736293946],[33.495440834563624,34.99053795878799],[33.494985944682476,34.990592995563105],[33.494528640137865,34.99063237668013],[33.494069723457244,34.99065603302858],[33.49361,34.99066392309353]]]}}, {"type":"Feature","id":46,"properties":{"_id":"677150b738a9fe493b345232","createdBy":"eBT9qSrxquPVguazo7MwJzzaf2p1","createdAt":"2024-12-29T13:37:59.048Z","updatedBy":"eBT9qSrxquPVguazo7MwJzzaf2p1","updatedAt":"2024-12-29T13:40:15.692Z","name":"LCTSA2 VOUGIES","dataIngestion":true,"type":9,"icaoClass":8,"activity":0,"onDemand":false,"onRequest":false,"byNotam":false,"specialAgreement":false,"requestCompliance":false,"country":"CY","upperLimit":{"value":3000,"unit":1,"referenceDatum":1},"lowerLimit":{"value":0,"unit":1,"referenceDatum":0},"hoursOfOperation":{"operatingHours":[{"dayOfWeek":0,"startTime":"00:00","endTime":"00:00","byNotam":false,"sunrise":false,"sunset":false,"publicHolidaysExcluded":false},{"dayOfWeek":1,"startTime":"00:00","endTime":"00:00","byNotam":false,"sunrise":false,"sunset":false,"publicHolidaysExcluded":false},{"dayOfWeek":2,"startTime":"00:00","endTime":"00:00","byNotam":false,"sunrise":false,"sunset":false,"publicHolidaysExcluded":false},{"dayOfWeek":3,"startTime":"00:00","endTime":"00:00","byNotam":false,"sunrise":false,"sunset":false,"publicHolidaysExcluded":false},{"dayOfWeek":4,"startTime":"00:00","endTime":"00:00","byNotam":false,"sunrise":false,"sunset":false,"publicHolidaysExcluded":false},{"dayOfWeek":5,"startTime":"00:00","endTime":"00:00","byNotam":false,"sunrise":false,"sunset":false,"publicHolidaysExcluded":false},{"dayOfWeek":6,"startTime":"00:00","endTime":"00:00","byNotam":false,"sunrise":false,"sunset":false,"publicHolidaysExcluded":false}]},"deletable":true},"geometry":{"type":"Polygon","coordinates":[[[33.51528,35.02333],[33.50639,35.00083],[33.52389,35.00056],[33.52389,35.02139],[33.51528,35.02333]]]}}, {"type":"Feature","id":47,"properties":{"_id":"677150b738a9fe493b345235","createdBy":"eBT9qSrxquPVguazo7MwJzzaf2p1","createdAt":"2024-12-29T13:37:59.060Z","updatedBy":"eBT9qSrxquPVguazo7MwJzzaf2p1","updatedAt":"2024-12-29T13:40:15.845Z","name":"LCTSA3 STAVROVOUNI","dataIngestion":true,"type":9,"icaoClass":8,"activity":0,"onDemand":false,"onRequest":false,"byNotam":false,"specialAgreement":false,"requestCompliance":false,"country":"CY","upperLimit":{"value":3500,"unit":1,"referenceDatum":1},"lowerLimit":{"value":0,"unit":1,"referenceDatum":0},"hoursOfOperation":{"operatingHours":[{"dayOfWeek":0,"startTime":"00:00","endTime":"00:00","byNotam":false,"sunrise":false,"sunset":false,"publicHolidaysExcluded":false},{"dayOfWeek":1,"startTime":"00:00","endTime":"00:00","byNotam":false,"sunrise":false,"sunset":false,"publicHolidaysExcluded":false},{"dayOfWeek":2,"startTime":"00:00","endTime":"00:00","byNotam":false,"sunrise":false,"sunset":false,"publicHolidaysExcluded":false},{"dayOfWeek":3,"startTime":"00:00","endTime":"00:00","byNotam":false,"sunrise":false,"sunset":false,"publicHolidaysExcluded":false},{"dayOfWeek":4,"startTime":"00:00","endTime":"00:00","byNotam":false,"sunrise":false,"sunset":false,"publicHolidaysExcluded":false},{"dayOfWeek":5,"startTime":"00:00","endTime":"00:00","byNotam":false,"sunrise":false,"sunset":false,"publicHolidaysExcluded":false},{"dayOfWeek":6,"startTime":"00:00","endTime":"00:00","byNotam":false,"sunrise":false,"sunset":false,"publicHolidaysExcluded":false}]},"deletable":true},"geometry":{"type":"Polygon","coordinates":[[[33.41556,34.91278],[33.41556,34.9125],[33.41917,34.91111],[33.41944,34.91139],[33.41556,34.91278]]]}}, {"type":"Feature","id":48,"properties":{"_id":"677150b738a9fe493b345238","createdBy":"eBT9qSrxquPVguazo7MwJzzaf2p1","createdAt":"2024-12-29T13:37:59.076Z","updatedBy":"eBT9qSrxquPVguazo7MwJzzaf2p1","updatedAt":"2024-12-29T13:40:15.972Z","name":"LCTSA4 AGIOS MODESTOS","dataIngestion":true,"type":9,"icaoClass":8,"activity":0,"onDemand":false,"onRequest":false,"byNotam":false,"specialAgreement":false,"requestCompliance":false,"country":"CY","upperLimit":{"value":3500,"unit":1,"referenceDatum":1},"lowerLimit":{"value":0,"unit":1,"referenceDatum":0},"hoursOfOperation":{"operatingHours":[{"dayOfWeek":0,"startTime":"00:00","endTime":"00:00","byNotam":false,"sunrise":false,"sunset":false,"publicHolidaysExcluded":false},{"dayOfWeek":1,"startTime":"00:00","endTime":"00:00","byNotam":false,"sunrise":false,"sunset":false,"publicHolidaysExcluded":false},{"dayOfWeek":2,"startTime":"00:00","endTime":"00:00","byNotam":false,"sunrise":false,"sunset":false,"publicHolidaysExcluded":false},{"dayOfWeek":3,"startTime":"00:00","endTime":"00:00","byNotam":false,"sunrise":false,"sunset":false,"publicHolidaysExcluded":false},{"dayOfWeek":4,"startTime":"00:00","endTime":"00:00","byNotam":false,"sunrise":false,"sunset":false,"publicHolidaysExcluded":false},{"dayOfWeek":5,"startTime":"00:00","endTime":"00:00","byNotam":false,"sunrise":false,"sunset":false,"publicHolidaysExcluded":false},{"dayOfWeek":6,"startTime":"00:00","endTime":"00:00","byNotam":false,"sunrise":false,"sunset":false,"publicHolidaysExcluded":false}]},"deletable":true},"geometry":{"type":"Polygon","coordinates":[[[33.45111,34.90667],[33.45167,34.90639],[33.45389,34.90889],[33.45306,34.90944],[33.45111,34.90667]]]}}, {"type":"Feature","id":49,"properties":{"_id":"677150b738a9fe493b34523b","createdBy":"eBT9qSrxquPVguazo7MwJzzaf2p1","createdAt":"2024-12-29T13:37:59.088Z","updatedBy":"eBT9qSrxquPVguazo7MwJzzaf2p1","updatedAt":"2024-12-29T13:40:16.091Z","name":"LCTSA5 SIA","dataIngestion":true,"type":9,"icaoClass":8,"activity":0,"onDemand":false,"onRequest":false,"byNotam":false,"specialAgreement":false,"requestCompliance":false,"country":"CY","upperLimit":{"value":6000,"unit":1,"referenceDatum":1},"lowerLimit":{"value":0,"unit":1,"referenceDatum":0},"hoursOfOperation":{"operatingHours":[{"dayOfWeek":0,"startTime":"00:00","endTime":"00:00","byNotam":false,"sunrise":false,"sunset":false,"publicHolidaysExcluded":false},{"dayOfWeek":1,"startTime":"00:00","endTime":"00:00","byNotam":false,"sunrise":false,"sunset":false,"publicHolidaysExcluded":false},{"dayOfWeek":2,"startTime":"00:00","endTime":"00:00","byNotam":false,"sunrise":false,"sunset":false,"publicHolidaysExcluded":false},{"dayOfWeek":3,"startTime":"00:00","endTime":"00:00","byNotam":false,"sunrise":false,"sunset":false,"publicHolidaysExcluded":false},{"dayOfWeek":4,"startTime":"00:00","endTime":"00:00","byNotam":false,"sunrise":false,"sunset":false,"publicHolidaysExcluded":false},{"dayOfWeek":5,"startTime":"00:00","endTime":"00:00","byNotam":false,"sunrise":false,"sunset":false,"publicHolidaysExcluded":false},{"dayOfWeek":6,"startTime":"00:00","endTime":"00:00","byNotam":false,"sunrise":false,"sunset":false,"publicHolidaysExcluded":false}]},"deletable":true},"geometry":{"type":"Polygon","coordinates":[[[33.37944,34.93833],[33.37944,34.95083],[33.36944,34.95083],[33.36944,34.93833],[33.37944,34.93833]]]}}, {"type":"Feature","id":50,"properties":{"_id":"677150b738a9fe493b34523e","createdBy":"eBT9qSrxquPVguazo7MwJzzaf2p1","createdAt":"2024-12-29T13:37:59.101Z","updatedBy":"eBT9qSrxquPVguazo7MwJzzaf2p1","updatedAt":"2024-12-29T13:40:17.363Z","name":"LCTSA6 MITSERO","dataIngestion":true,"type":9,"icaoClass":8,"activity":0,"onDemand":false,"onRequest":false,"byNotam":false,"specialAgreement":false,"requestCompliance":false,"country":"CY","upperLimit":{"value":7000,"unit":1,"referenceDatum":1},"lowerLimit":{"value":0,"unit":1,"referenceDatum":0},"hoursOfOperation":{"operatingHours":[{"dayOfWeek":0,"startTime":"00:00","endTime":"00:00","byNotam":false,"sunrise":false,"sunset":false,"publicHolidaysExcluded":false},{"dayOfWeek":1,"startTime":"00:00","endTime":"00:00","byNotam":false,"sunrise":false,"sunset":false,"publicHolidaysExcluded":false},{"dayOfWeek":2,"startTime":"00:00","endTime":"00:00","byNotam":false,"sunrise":false,"sunset":false,"publicHolidaysExcluded":false},{"dayOfWeek":3,"startTime":"00:00","endTime":"00:00","byNotam":false,"sunrise":false,"sunset":false,"publicHolidaysExcluded":false},{"dayOfWeek":4,"startTime":"00:00","endTime":"00:00","byNotam":false,"sunrise":false,"sunset":false,"publicHolidaysExcluded":false},{"dayOfWeek":5,"startTime":"00:00","endTime":"00:00","byNotam":false,"sunrise":false,"sunset":false,"publicHolidaysExcluded":false},{"dayOfWeek":6,"startTime":"00:00","endTime":"00:00","byNotam":false,"sunrise":false,"sunset":false,"publicHolidaysExcluded":false}]},"deletable":true},"geometry":{"type":"Polygon","coordinates":[[[33.11639,35.03778],[33.11306,35.0375],[33.1125,35.03528],[33.11389,35.03389],[33.11667,35.03389],[33.11889,35.035],[33.11944,35.03667],[33.11917,35.0375],[33.11639,35.03778]]]}}, {"type":"Feature","id":51,"properties":{"_id":"677150b738a9fe493b345241","createdBy":"eBT9qSrxquPVguazo7MwJzzaf2p1","createdAt":"2024-12-29T13:37:59.113Z","updatedBy":"eBT9qSrxquPVguazo7MwJzzaf2p1","updatedAt":"2024-12-29T13:40:17.582Z","name":"LCTSA7 LAKATAMIA MIL TRNG AREA ALFA","dataIngestion":true,"type":9,"icaoClass":8,"activity":0,"onDemand":false,"onRequest":false,"byNotam":false,"specialAgreement":false,"requestCompliance":false,"country":"CY","upperLimit":{"value":3000,"unit":1,"referenceDatum":1},"lowerLimit":{"value":0,"unit":1,"referenceDatum":0},"hoursOfOperation":{"operatingHours":[{"dayOfWeek":0,"startTime":"00:00","endTime":"00:00","byNotam":false,"sunrise":false,"sunset":false,"publicHolidaysExcluded":false},{"dayOfWeek":1,"startTime":"00:00","endTime":"00:00","byNotam":false,"sunrise":false,"sunset":false,"publicHolidaysExcluded":false},{"dayOfWeek":2,"startTime":"00:00","endTime":"00:00","byNotam":false,"sunrise":false,"sunset":false,"publicHolidaysExcluded":false},{"dayOfWeek":3,"startTime":"00:00","endTime":"00:00","byNotam":false,"sunrise":false,"sunset":false,"publicHolidaysExcluded":false},{"dayOfWeek":4,"startTime":"00:00","endTime":"00:00","byNotam":false,"sunrise":false,"sunset":false,"publicHolidaysExcluded":false},{"dayOfWeek":5,"startTime":"00:00","endTime":"00:00","byNotam":false,"sunrise":false,"sunset":false,"publicHolidaysExcluded":false},{"dayOfWeek":6,"startTime":"00:00","endTime":"00:00","byNotam":false,"sunrise":false,"sunset":false,"publicHolidaysExcluded":false}]},"deletable":true},"geometry":{"type":"Polygon","coordinates":[[[33.27917,35.08528],[33.26556,35.05972],[33.25222,34.97583],[33.29611,34.95111],[33.33611,34.96417],[33.38778,34.95694],[33.38306,35.05194],[33.32472,35.07222],[33.27917,35.08528]]]}}, {"type":"Feature","id":52,"properties":{"_id":"677150b738a9fe493b345244","createdBy":"eBT9qSrxquPVguazo7MwJzzaf2p1","createdAt":"2024-12-29T13:37:59.124Z","updatedBy":"eBT9qSrxquPVguazo7MwJzzaf2p1","updatedAt":"2024-12-29T13:40:17.727Z","name":"LCTSA8 DHEKELIA","dataIngestion":true,"type":9,"icaoClass":8,"activity":0,"onDemand":false,"onRequest":false,"byNotam":false,"specialAgreement":false,"requestCompliance":false,"country":"CY","upperLimit":{"value":1500,"unit":1,"referenceDatum":1},"lowerLimit":{"value":0,"unit":1,"referenceDatum":0},"hoursOfOperation":{"operatingHours":[{"dayOfWeek":0,"startTime":"00:00","endTime":"00:00","byNotam":false,"sunrise":false,"sunset":false,"publicHolidaysExcluded":false},{"dayOfWeek":1,"startTime":"00:00","endTime":"00:00","byNotam":false,"sunrise":false,"sunset":false,"publicHolidaysExcluded":false},{"dayOfWeek":2,"startTime":"00:00","endTime":"00:00","byNotam":false,"sunrise":false,"sunset":false,"publicHolidaysExcluded":false},{"dayOfWeek":3,"startTime":"00:00","endTime":"00:00","byNotam":false,"sunrise":false,"sunset":false,"publicHolidaysExcluded":false},{"dayOfWeek":4,"startTime":"00:00","endTime":"00:00","byNotam":false,"sunrise":false,"sunset":false,"publicHolidaysExcluded":false},{"dayOfWeek":5,"startTime":"00:00","endTime":"00:00","byNotam":false,"sunrise":false,"sunset":false,"publicHolidaysExcluded":false},{"dayOfWeek":6,"startTime":"00:00","endTime":"00:00","byNotam":false,"sunrise":false,"sunset":false,"publicHolidaysExcluded":false}]},"deletable":true},"geometry":{"type":"Polygon","coordinates":[[[33.72222,34.99167],[33.72222,34.99722],[33.70139,34.99722],[33.70139,34.98194],[33.70833,34.98472],[33.72222,34.99167]]]}}, {"type":"Feature","id":53,"properties":{"_id":"677150b738a9fe493b345247","createdBy":"eBT9qSrxquPVguazo7MwJzzaf2p1","createdAt":"2024-12-29T13:37:59.136Z","updatedBy":"eBT9qSrxquPVguazo7MwJzzaf2p1","updatedAt":"2024-12-29T13:40:17.873Z","name":"LCTSA9 CHRISOCHOU BAY","dataIngestion":true,"type":9,"icaoClass":8,"activity":0,"onDemand":false,"onRequest":false,"byNotam":false,"specialAgreement":false,"requestCompliance":false,"country":"CY","upperLimit":{"value":8000,"unit":1,"referenceDatum":1},"lowerLimit":{"value":0,"unit":1,"referenceDatum":0},"hoursOfOperation":{"operatingHours":[{"dayOfWeek":0,"startTime":"00:00","endTime":"00:00","byNotam":false,"sunrise":false,"sunset":false,"publicHolidaysExcluded":false},{"dayOfWeek":1,"startTime":"00:00","endTime":"00:00","byNotam":false,"sunrise":false,"sunset":false,"publicHolidaysExcluded":false},{"dayOfWeek":2,"startTime":"00:00","endTime":"00:00","byNotam":false,"sunrise":false,"sunset":false,"publicHolidaysExcluded":false},{"dayOfWeek":3,"startTime":"00:00","endTime":"00:00","byNotam":false,"sunrise":false,"sunset":false,"publicHolidaysExcluded":false},{"dayOfWeek":4,"startTime":"00:00","endTime":"00:00","byNotam":false,"sunrise":false,"sunset":false,"publicHolidaysExcluded":false},{"dayOfWeek":5,"startTime":"00:00","endTime":"00:00","byNotam":false,"sunrise":false,"sunset":false,"publicHolidaysExcluded":false},{"dayOfWeek":6,"startTime":"00:00","endTime":"00:00","byNotam":false,"sunrise":false,"sunset":false,"publicHolidaysExcluded":false}]},"deletable":true},"geometry":{"type":"Polygon","coordinates":[[[32.23333,35.13333],[32.23333,34.91667],[32.48333,34.88333],[32.48333,35.13333],[32.23333,35.13333]]]}}, {"type":"Feature","id":54,"properties":{"_id":"677150b738a9fe493b34524a","createdBy":"eBT9qSrxquPVguazo7MwJzzaf2p1","createdAt":"2024-12-29T13:37:59.149Z","updatedBy":"eBT9qSrxquPVguazo7MwJzzaf2p1","updatedAt":"2024-12-29T13:40:17.999Z","name":"LCTRA1 CAPE PYLA","dataIngestion":true,"type":8,"icaoClass":8,"activity":0,"onDemand":false,"onRequest":false,"byNotam":false,"specialAgreement":false,"requestCompliance":false,"country":"CY","upperLimit":{"value":3000,"unit":1,"referenceDatum":1},"lowerLimit":{"value":0,"unit":1,"referenceDatum":0},"hoursOfOperation":{"operatingHours":[{"dayOfWeek":0,"startTime":"00:00","endTime":"00:00","byNotam":false,"sunrise":false,"sunset":false,"publicHolidaysExcluded":false},{"dayOfWeek":1,"startTime":"00:00","endTime":"00:00","byNotam":false,"sunrise":false,"sunset":false,"publicHolidaysExcluded":false},{"dayOfWeek":2,"startTime":"00:00","endTime":"00:00","byNotam":false,"sunrise":false,"sunset":false,"publicHolidaysExcluded":false},{"dayOfWeek":3,"startTime":"00:00","endTime":"00:00","byNotam":false,"sunrise":false,"sunset":false,"publicHolidaysExcluded":false},{"dayOfWeek":4,"startTime":"00:00","endTime":"00:00","byNotam":false,"sunrise":false,"sunset":false,"publicHolidaysExcluded":false},{"dayOfWeek":5,"startTime":"00:00","endTime":"00:00","byNotam":false,"sunrise":false,"sunset":false,"publicHolidaysExcluded":false},{"dayOfWeek":6,"startTime":"00:00","endTime":"00:00","byNotam":false,"sunrise":false,"sunset":false,"publicHolidaysExcluded":false}]},"deletable":true},"geometry":{"type":"Polygon","coordinates":[[[33.81056,34.97556],[33.81,34.91028],[33.88667,34.90972],[33.8875,34.975],[33.81056,34.97556]]]}}, {"type":"Feature","id":55,"properties":{"_id":"677150b738a9fe493b34524d","createdBy":"eBT9qSrxquPVguazo7MwJzzaf2p1","createdAt":"2024-12-29T13:37:59.174Z","updatedBy":"eBT9qSrxquPVguazo7MwJzzaf2p1","updatedAt":"2024-12-29T13:40:18.160Z","name":"LCTRA2 KINGSFIELD","dataIngestion":true,"type":8,"icaoClass":8,"activity":0,"onDemand":false,"onRequest":false,"byNotam":false,"specialAgreement":false,"requestCompliance":false,"country":"CY","upperLimit":{"value":120,"unit":6,"referenceDatum":2},"lowerLimit":{"value":0,"unit":1,"referenceDatum":0},"hoursOfOperation":{"operatingHours":[{"dayOfWeek":0,"startTime":"00:00","endTime":"00:00","byNotam":false,"sunrise":false,"sunset":false,"publicHolidaysExcluded":false},{"dayOfWeek":1,"startTime":"00:00","endTime":"00:00","byNotam":false,"sunrise":false,"sunset":false,"publicHolidaysExcluded":false},{"dayOfWeek":2,"startTime":"00:00","endTime":"00:00","byNotam":false,"sunrise":false,"sunset":false,"publicHolidaysExcluded":false},{"dayOfWeek":3,"startTime":"00:00","endTime":"00:00","byNotam":false,"sunrise":false,"sunset":false,"publicHolidaysExcluded":false},{"dayOfWeek":4,"startTime":"00:00","endTime":"00:00","byNotam":false,"sunrise":false,"sunset":false,"publicHolidaysExcluded":false},{"dayOfWeek":5,"startTime":"00:00","endTime":"00:00","byNotam":false,"sunrise":false,"sunset":false,"publicHolidaysExcluded":false},{"dayOfWeek":6,"startTime":"00:00","endTime":"00:00","byNotam":false,"sunrise":false,"sunset":false,"publicHolidaysExcluded":false}]},"deletable":true},"geometry":{"type":"Polygon","coordinates":[[[33.73333,35.04165311970427],[33.732052194175594,35.04163119856814],[33.73077663211026,35.04156547365213],[33.72950555361232,35.0414560603656],[33.72824119059566,35.041303150831624],[33.72698576315004,35.04110701354885],[33.72574147563253,35.04086799291862],[33.724510512786836,35.04058650863862],[33.72329503589765,35.040263054963994],[33.722097178986616,35.039898199837175],[33.720919045056924,35.03949258388807],[33.719762702392984,35.03904691930623],[33.71863018092183,35.03856198858728],[33.71752346864281,35.038038643155595],[33.71644450813167,35.03747780186572],[33.715395193125495,35.03688044938527],[33.71437736519426,35.03624763446218],[33.7133928105051,35.03558046807928],[33.71244325668492,35.03488012149956],[33.71153036978687,35.03414782420555],[33.71065575136604,35.033384861736586],[33.7098209356695,35.03259257342754],[33.709027386945635,35.031772350053394],[33.70827649687754,35.03092563138335],[33.70756958214483,35.0300539036494],[33.7069078821182,35.02915869693327],[33.70629255669081,35.028241582476696],[33.705724684250114,35.02730416991976],[33.70520525979378,35.02634810447198],[33.70473519319286,35.02537506402147],[33.70431530760525,35.024386756186836],[33.70394633804209,35.02338491531753],[33.70362893008967,35.022371299447464],[33.70336363878885,35.02134768720765],[33.70315092767396,35.02031587470297],[33.70299116797282,35.019277672358854],[33.70288463796905,35.01823490174324],[33.70283152252786,35.01718939236948],[33.70283191278594,35.016142978485746],[33.70288580600591,35.01509749585673],[33.70299310559554,35.01405477854299],[33.703153621291506,35.01301665568402],[33.70336706950744,35.011984948290234],[33.703633073845296,35.010961466049764],[33.70395116576929,35.00994800415566],[33.704320785441006,35.008946340158886],[33.70474128271411,35.00795823085274],[33.70521191828692,35.006985409194115],[33.70573186501062,35.006029581266986],[33.70630020935083,35.0050924232934],[33.70691595299984,35.004175578697165],[33.70757801463666,35.00328065522549],[33.70828523183172,35.00240922213336],[33.70903636309273,35.00156280743579],[33.7098300900483,35.00074289523263],[33.71066501976518,34.999950923110454],[33.711539687195184,34.9991882796264],[33.712452557747476,34.998456301877894],[33.71340202998162,34.9977562731629],[33.71438643841675,34.99708942073435],[33.71540405645181,34.99645691365306],[33.71645309939193,34.99585986074259],[33.71753172757548,34.995299308649585],[33.718638049596414,34.99477624001317],[33.719770125616364,34.994291571746366],[33.72092597076052,34.99384615343262],[33.722103558591556,34.99344076584016],[33.723300824655574,34.99307611955682],[33.724515670093766,34.99275285374757],[33.725745965313635,34.99247153503712],[33.72698955371342,34.992232656519256],[33.72824425545321,34.992036636894866],[33.72950787126627,34.991883819739996],[33.730778186303915,34.99177447290529],[33.73205297400741,34.991708788047745],[33.73333,34.99168688029573],[33.73460702599259,34.991708788047745],[33.73588181369608,34.99177447290529],[33.73715212873373,34.991883819739996],[33.73841574454679,34.992036636894866],[33.739670446286574,34.992232656519256],[33.74091403468637,34.99247153503712],[33.74214432990623,34.99275285374757],[33.74335917534442,34.99307611955682],[33.74455644140845,34.99344076584016],[33.745734029239486,34.99384615343262],[33.74688987438363,34.994291571746366],[33.74802195040358,34.99477624001317],[33.74912827242453,34.995299308649585],[33.75020690060808,34.99585986074259],[33.75125594354819,34.99645691365306],[33.75227356158325,34.99708942073435],[33.75325797001838,34.9977562731629],[33.75420744225253,34.998456301877894],[33.75512031280482,34.9991882796264],[33.75599498023482,34.999950923110454],[33.7568299099517,35.00074289523263],[33.75762363690727,35.00156280743579],[33.75837476816828,35.00240922213336],[33.75908198536334,35.00328065522549],[33.75974404700016,35.004175578697165],[33.760359790649176,35.0050924232934],[33.76092813498938,35.006029581266986],[33.76144808171308,35.006985409194115],[33.76191871728589,35.00795823085274],[33.762339214559,35.008946340158886],[33.76270883423071,35.00994800415566],[33.76302692615471,35.010961466049764],[33.763292930492554,35.011984948290234],[33.76350637870849,35.01301665568402],[33.763666894404466,35.01405477854299],[33.76377419399409,35.01509749585673],[33.76382808721406,35.016142978485746],[33.76382847747214,35.01718939236948],[33.763775362030955,35.01823490174324],[33.76366883202718,35.019277672358854],[33.76350907232604,35.02031587470297],[33.763296361211154,35.02134768720765],[33.763031069910326,35.022371299447464],[33.76271366195792,35.02338491531753],[33.762344692394755,35.024386756186836],[33.76192480680714,35.02537506402147],[33.76145474020622,35.02634810447198],[33.76093531574989,35.02730416991976],[33.76036744330919,35.028241582476696],[33.759752117881796,35.02915869693327],[33.75909041785517,35.0300539036494],[33.75838350312246,35.03092563138335],[33.75763261305437,35.031772350053394],[33.75683906433051,35.03259257342754],[33.756004248633964,35.033384861736586],[33.755129630213126,35.03414782420555],[33.75421674331508,35.03488012149956],[33.7532671894949,35.03558046807928],[33.752282634805745,35.03624763446218],[33.7512648068745,35.03688044938527],[33.750215491868325,35.03747780186572],[33.749136531357195,35.038038643155595],[33.74802981907817,35.03856198858728],[33.74689729760701,35.03904691930623],[33.745740954943074,35.03949258388807],[33.744562821013396,35.039898199837175],[33.743364964102355,35.040263054963994],[33.74214948721317,35.04058650863862],[33.74091852436747,35.04086799291862],[33.73967423684996,35.04110701354885],[33.73841880940434,35.041303150831624],[33.737154446387684,35.0414560603656],[33.73588336788974,35.04156547365213],[33.7346078058244,35.04163119856814],[33.73333,35.04165311970427]]]}}, {"type":"Feature","id":56,"properties":{"_id":"677150b738a9fe493b345250","createdBy":"eBT9qSrxquPVguazo7MwJzzaf2p1","createdAt":"2024-12-29T13:37:59.193Z","updatedBy":"eBT9qSrxquPVguazo7MwJzzaf2p1","updatedAt":"2024-12-29T13:40:19.782Z","name":"LCTRA3 GERAKOMOUTI","dataIngestion":true,"type":8,"icaoClass":8,"activity":0,"onDemand":false,"onRequest":false,"byNotam":false,"specialAgreement":false,"requestCompliance":false,"country":"CY","upperLimit":{"value":2500,"unit":1,"referenceDatum":1},"lowerLimit":{"value":0,"unit":1,"referenceDatum":0},"hoursOfOperation":{"operatingHours":[{"dayOfWeek":0,"startTime":"00:00","endTime":"00:00","byNotam":false,"sunrise":false,"sunset":false,"publicHolidaysExcluded":false},{"dayOfWeek":1,"startTime":"00:00","endTime":"00:00","byNotam":false,"sunrise":false,"sunset":false,"publicHolidaysExcluded":false},{"dayOfWeek":2,"startTime":"00:00","endTime":"00:00","byNotam":false,"sunrise":false,"sunset":false,"publicHolidaysExcluded":false},{"dayOfWeek":3,"startTime":"00:00","endTime":"00:00","byNotam":false,"sunrise":false,"sunset":false,"publicHolidaysExcluded":false},{"dayOfWeek":4,"startTime":"00:00","endTime":"00:00","byNotam":false,"sunrise":false,"sunset":false,"publicHolidaysExcluded":false},{"dayOfWeek":5,"startTime":"00:00","endTime":"00:00","byNotam":false,"sunrise":false,"sunset":false,"publicHolidaysExcluded":false},{"dayOfWeek":6,"startTime":"00:00","endTime":"00:00","byNotam":false,"sunrise":false,"sunset":false,"publicHolidaysExcluded":false}]},"deletable":true},"geometry":{"type":"Polygon","coordinates":[[[33.63972,34.98611],[33.6325,34.98417],[33.63278,34.98361],[33.63528,34.98306],[33.63972,34.98333],[33.63972,34.98611]]]}}, {"type":"Feature","id":57,"properties":{"_id":"677150b738a9fe493b345253","createdBy":"eBT9qSrxquPVguazo7MwJzzaf2p1","createdAt":"2024-12-29T13:37:59.207Z","updatedBy":"eBT9qSrxquPVguazo7MwJzzaf2p1","updatedAt":"2024-12-29T13:40:20.172Z","name":"LCTRA4 KITI","dataIngestion":true,"type":8,"icaoClass":8,"activity":0,"onDemand":false,"onRequest":false,"byNotam":false,"specialAgreement":false,"requestCompliance":false,"country":"CY","upperLimit":{"value":350,"unit":6,"referenceDatum":2},"lowerLimit":{"value":0,"unit":1,"referenceDatum":0},"hoursOfOperation":{"operatingHours":[{"dayOfWeek":0,"startTime":"00:00","endTime":"00:00","byNotam":false,"sunrise":false,"sunset":false,"publicHolidaysExcluded":false},{"dayOfWeek":1,"startTime":"00:00","endTime":"00:00","byNotam":false,"sunrise":false,"sunset":false,"publicHolidaysExcluded":false},{"dayOfWeek":2,"startTime":"00:00","endTime":"00:00","byNotam":false,"sunrise":false,"sunset":false,"publicHolidaysExcluded":false},{"dayOfWeek":3,"startTime":"00:00","endTime":"00:00","byNotam":false,"sunrise":false,"sunset":false,"publicHolidaysExcluded":false},{"dayOfWeek":4,"startTime":"00:00","endTime":"00:00","byNotam":false,"sunrise":false,"sunset":false,"publicHolidaysExcluded":false},{"dayOfWeek":5,"startTime":"00:00","endTime":"00:00","byNotam":false,"sunrise":false,"sunset":false,"publicHolidaysExcluded":false},{"dayOfWeek":6,"startTime":"00:00","endTime":"00:00","byNotam":false,"sunrise":false,"sunset":false,"publicHolidaysExcluded":false}]},"deletable":true},"geometry":{"type":"Polygon","coordinates":[[[33.36028,34.70139],[33.48028,34.69833],[33.66611,34.72],[33.66667,34.79944],[33.62361,34.84917],[33.48083,34.78222],[33.36056,34.7375],[33.36028,34.70139]]]}}, {"type":"Feature","id":58,"properties":{"_id":"677150b738a9fe493b345256","createdBy":"eBT9qSrxquPVguazo7MwJzzaf2p1","createdAt":"2024-12-29T13:37:59.226Z","updatedBy":"eBT9qSrxquPVguazo7MwJzzaf2p1","updatedAt":"2024-12-29T13:40:20.305Z","name":"LCTRA5 ZYGI","dataIngestion":true,"type":8,"icaoClass":8,"activity":0,"onDemand":false,"onRequest":false,"byNotam":false,"specialAgreement":false,"requestCompliance":false,"country":"CY","upperLimit":{"value":350,"unit":6,"referenceDatum":2},"lowerLimit":{"value":0,"unit":1,"referenceDatum":0},"hoursOfOperation":{"operatingHours":[{"dayOfWeek":0,"startTime":"00:00","endTime":"00:00","byNotam":false,"sunrise":false,"sunset":false,"publicHolidaysExcluded":false},{"dayOfWeek":1,"startTime":"00:00","endTime":"00:00","byNotam":false,"sunrise":false,"sunset":false,"publicHolidaysExcluded":false},{"dayOfWeek":2,"startTime":"00:00","endTime":"00:00","byNotam":false,"sunrise":false,"sunset":false,"publicHolidaysExcluded":false},{"dayOfWeek":3,"startTime":"00:00","endTime":"00:00","byNotam":false,"sunrise":false,"sunset":false,"publicHolidaysExcluded":false},{"dayOfWeek":4,"startTime":"00:00","endTime":"00:00","byNotam":false,"sunrise":false,"sunset":false,"publicHolidaysExcluded":false},{"dayOfWeek":5,"startTime":"00:00","endTime":"00:00","byNotam":false,"sunrise":false,"sunset":false,"publicHolidaysExcluded":false},{"dayOfWeek":6,"startTime":"00:00","endTime":"00:00","byNotam":false,"sunrise":false,"sunset":false,"publicHolidaysExcluded":false}]},"deletable":true},"geometry":{"type":"Polygon","coordinates":[[[33.30167,34.76333],[33.30167,34.6],[33.51667,34.6],[33.51667,34.76278],[33.30167,34.76333]]]}}, {"type":"Feature","id":59,"properties":{"_id":"677150b738a9fe493b345259","createdBy":"eBT9qSrxquPVguazo7MwJzzaf2p1","createdAt":"2024-12-29T13:37:59.256Z","updatedBy":"eBT9qSrxquPVguazo7MwJzzaf2p1","updatedAt":"2024-12-29T13:40:20.443Z","name":"LCTRA6 KALO CHORIO","dataIngestion":true,"type":8,"icaoClass":8,"activity":0,"onDemand":false,"onRequest":false,"byNotam":false,"specialAgreement":false,"requestCompliance":false,"country":"CY","upperLimit":{"value":13000,"unit":1,"referenceDatum":1},"lowerLimit":{"value":0,"unit":1,"referenceDatum":0},"hoursOfOperation":{"operatingHours":[{"dayOfWeek":0,"startTime":"00:00","endTime":"00:00","byNotam":false,"sunrise":false,"sunset":false,"publicHolidaysExcluded":false},{"dayOfWeek":1,"startTime":"00:00","endTime":"00:00","byNotam":false,"sunrise":false,"sunset":false,"publicHolidaysExcluded":false},{"dayOfWeek":2,"startTime":"00:00","endTime":"00:00","byNotam":false,"sunrise":false,"sunset":false,"publicHolidaysExcluded":false},{"dayOfWeek":3,"startTime":"00:00","endTime":"00:00","byNotam":false,"sunrise":false,"sunset":false,"publicHolidaysExcluded":false},{"dayOfWeek":4,"startTime":"00:00","endTime":"00:00","byNotam":false,"sunrise":false,"sunset":false,"publicHolidaysExcluded":false},{"dayOfWeek":5,"startTime":"00:00","endTime":"00:00","byNotam":false,"sunrise":false,"sunset":false,"publicHolidaysExcluded":false},{"dayOfWeek":6,"startTime":"00:00","endTime":"00:00","byNotam":false,"sunrise":false,"sunset":false,"publicHolidaysExcluded":false}]},"deletable":true},"geometry":{"type":"Polygon","coordinates":[[[33.46,34.93306],[33.45306,34.90667],[33.4675,34.90417],[33.47278,34.89861],[33.48056,34.895],[33.49028,34.89306],[33.50444,34.89389],[33.54611,34.90194],[33.5475,34.92],[33.52444,34.92556],[33.46417,34.93556],[33.46,34.93306]]]}}, {"type":"Feature","id":60,"properties":{"_id":"677150b738a9fe493b34525c","createdBy":"eBT9qSrxquPVguazo7MwJzzaf2p1","createdAt":"2024-12-29T13:37:59.268Z","updatedBy":"eBT9qSrxquPVguazo7MwJzzaf2p1","updatedAt":"2024-12-29T13:40:20.567Z","name":"LCTRA7 APLANTA","dataIngestion":true,"type":8,"icaoClass":8,"activity":0,"onDemand":false,"onRequest":false,"byNotam":false,"specialAgreement":false,"requestCompliance":false,"country":"CY","upperLimit":{"value":2500,"unit":1,"referenceDatum":1},"lowerLimit":{"value":0,"unit":1,"referenceDatum":0},"hoursOfOperation":{"operatingHours":[{"dayOfWeek":0,"startTime":"00:00","endTime":"00:00","byNotam":false,"sunrise":false,"sunset":false,"publicHolidaysExcluded":false},{"dayOfWeek":1,"startTime":"00:00","endTime":"00:00","byNotam":false,"sunrise":false,"sunset":false,"publicHolidaysExcluded":false},{"dayOfWeek":2,"startTime":"00:00","endTime":"00:00","byNotam":false,"sunrise":false,"sunset":false,"publicHolidaysExcluded":false},{"dayOfWeek":3,"startTime":"00:00","endTime":"00:00","byNotam":false,"sunrise":false,"sunset":false,"publicHolidaysExcluded":false},{"dayOfWeek":4,"startTime":"00:00","endTime":"00:00","byNotam":false,"sunrise":false,"sunset":false,"publicHolidaysExcluded":false},{"dayOfWeek":5,"startTime":"00:00","endTime":"00:00","byNotam":false,"sunrise":false,"sunset":false,"publicHolidaysExcluded":false},{"dayOfWeek":6,"startTime":"00:00","endTime":"00:00","byNotam":false,"sunrise":false,"sunset":false,"publicHolidaysExcluded":false}]},"deletable":true},"geometry":{"type":"Polygon","coordinates":[[[33.48056,34.82639],[33.47583,34.825],[33.47667,34.82333],[33.47722,34.82333],[33.48028,34.82556],[33.48056,34.82639]]]}}, {"type":"Feature","id":61,"properties":{"_id":"677150b738a9fe493b34525f","createdBy":"eBT9qSrxquPVguazo7MwJzzaf2p1","createdAt":"2024-12-29T13:37:59.280Z","updatedBy":"eBT9qSrxquPVguazo7MwJzzaf2p1","updatedAt":"2024-12-29T13:40:20.681Z","name":"LCTRA8 XINDOUS","dataIngestion":true,"type":8,"icaoClass":8,"activity":0,"onDemand":false,"onRequest":false,"byNotam":false,"specialAgreement":false,"requestCompliance":false,"country":"CY","upperLimit":{"value":10000,"unit":1,"referenceDatum":1},"lowerLimit":{"value":0,"unit":1,"referenceDatum":0},"hoursOfOperation":{"operatingHours":[{"dayOfWeek":0,"startTime":"00:00","endTime":"00:00","byNotam":false,"sunrise":false,"sunset":false,"publicHolidaysExcluded":false},{"dayOfWeek":1,"startTime":"00:00","endTime":"00:00","byNotam":false,"sunrise":false,"sunset":false,"publicHolidaysExcluded":false},{"dayOfWeek":2,"startTime":"00:00","endTime":"00:00","byNotam":false,"sunrise":false,"sunset":false,"publicHolidaysExcluded":false},{"dayOfWeek":3,"startTime":"00:00","endTime":"00:00","byNotam":false,"sunrise":false,"sunset":false,"publicHolidaysExcluded":false},{"dayOfWeek":4,"startTime":"00:00","endTime":"00:00","byNotam":false,"sunrise":false,"sunset":false,"publicHolidaysExcluded":false},{"dayOfWeek":5,"startTime":"00:00","endTime":"00:00","byNotam":false,"sunrise":false,"sunset":false,"publicHolidaysExcluded":false},{"dayOfWeek":6,"startTime":"00:00","endTime":"00:00","byNotam":false,"sunrise":false,"sunset":false,"publicHolidaysExcluded":false}]},"deletable":true},"geometry":{"type":"Polygon","coordinates":[[[33.02306,35.08139],[33.03361,35.0475],[33.04306,35.0475],[33.07639,35.08278],[33.06667,35.09806],[33.055,35.12528],[33.03306,35.12528],[33.02306,35.08139]]]}}, {"type":"Feature","id":62,"properties":{"_id":"677150b738a9fe493b345262","createdBy":"eBT9qSrxquPVguazo7MwJzzaf2p1","createdAt":"2024-12-29T13:37:59.292Z","updatedBy":"eBT9qSrxquPVguazo7MwJzzaf2p1","updatedAt":"2024-12-29T13:40:20.808Z","name":"LCTRA9 KOUKLIA","dataIngestion":true,"type":8,"icaoClass":8,"activity":0,"onDemand":false,"onRequest":false,"byNotam":false,"specialAgreement":false,"requestCompliance":false,"country":"CY","upperLimit":{"value":120,"unit":6,"referenceDatum":2},"lowerLimit":{"value":0,"unit":1,"referenceDatum":0},"hoursOfOperation":{"operatingHours":[{"dayOfWeek":0,"startTime":"00:00","endTime":"00:00","byNotam":false,"sunrise":false,"sunset":false,"publicHolidaysExcluded":false},{"dayOfWeek":1,"startTime":"00:00","endTime":"00:00","byNotam":false,"sunrise":false,"sunset":false,"publicHolidaysExcluded":false},{"dayOfWeek":2,"startTime":"00:00","endTime":"00:00","byNotam":false,"sunrise":false,"sunset":false,"publicHolidaysExcluded":false},{"dayOfWeek":3,"startTime":"00:00","endTime":"00:00","byNotam":false,"sunrise":false,"sunset":false,"publicHolidaysExcluded":false},{"dayOfWeek":4,"startTime":"00:00","endTime":"00:00","byNotam":false,"sunrise":false,"sunset":false,"publicHolidaysExcluded":false},{"dayOfWeek":5,"startTime":"00:00","endTime":"00:00","byNotam":false,"sunrise":false,"sunset":false,"publicHolidaysExcluded":false},{"dayOfWeek":6,"startTime":"00:00","endTime":"00:00","byNotam":false,"sunrise":false,"sunset":false,"publicHolidaysExcluded":false}]},"deletable":true},"geometry":{"type":"Polygon","coordinates":[[[32.54111,34.71917],[32.62861,34.68333],[32.65028,34.71944],[32.56278,34.75528],[32.54111,34.71917]]]}}, {"type":"Feature","id":63,"properties":{"_id":"677150b738a9fe493b345265","createdBy":"eBT9qSrxquPVguazo7MwJzzaf2p1","createdAt":"2024-12-29T13:37:59.303Z","updatedBy":"eBT9qSrxquPVguazo7MwJzzaf2p1","updatedAt":"2024-12-29T13:40:20.928Z","name":"LCTRA10 TERSEFANOU","dataIngestion":true,"type":8,"icaoClass":8,"activity":0,"onDemand":false,"onRequest":false,"byNotam":false,"specialAgreement":false,"requestCompliance":false,"country":"CY","upperLimit":{"value":120,"unit":6,"referenceDatum":2},"lowerLimit":{"value":0,"unit":1,"referenceDatum":0},"hoursOfOperation":{"operatingHours":[{"dayOfWeek":0,"startTime":"00:00","endTime":"00:00","byNotam":false,"sunrise":false,"sunset":false,"publicHolidaysExcluded":false},{"dayOfWeek":1,"startTime":"00:00","endTime":"00:00","byNotam":false,"sunrise":false,"sunset":false,"publicHolidaysExcluded":false},{"dayOfWeek":2,"startTime":"00:00","endTime":"00:00","byNotam":false,"sunrise":false,"sunset":false,"publicHolidaysExcluded":false},{"dayOfWeek":3,"startTime":"00:00","endTime":"00:00","byNotam":false,"sunrise":false,"sunset":false,"publicHolidaysExcluded":false},{"dayOfWeek":4,"startTime":"00:00","endTime":"00:00","byNotam":false,"sunrise":false,"sunset":false,"publicHolidaysExcluded":false},{"dayOfWeek":5,"startTime":"00:00","endTime":"00:00","byNotam":false,"sunrise":false,"sunset":false,"publicHolidaysExcluded":false},{"dayOfWeek":6,"startTime":"00:00","endTime":"00:00","byNotam":false,"sunrise":false,"sunset":false,"publicHolidaysExcluded":false}]},"deletable":true},"geometry":{"type":"Polygon","coordinates":[[[33.550000000000004,34.859823923093536],[33.549541009010845,34.859816033032786],[33.549082823511604,34.859792376696916],[33.548626247577225,34.85975299560077],[33.54817208245526,34.85969795885468],[33.547721125158375,34.859627363043124],[33.547274167064316,34.85954133205501],[33.54683199252592,34.85944001686609],[33.54639537749335,34.859323595273764],[33.54596508815126,34.85919227158472],[33.5455418795732,34.85904627625611],[33.54512649439547,34.85888586549076],[33.54471966151303,34.85871132078711],[33.544322094799625,34.85852294844483],[33.54393449185428,34.858321079026815],[33.54355753277661,34.858106066778646],[33.543191878972884,34.857878289006365],[33.54283817199503,34.85763814541391],[33.542497032414666,34.85738605740113],[33.54216905873405,34.857122467323755],[33.541854826335914,34.85684783771664],[33.541554886473996,34.85656265048151],[33.5412697653061,34.85626740604082],[33.54099996297126,34.85596262245907],[33.540745952712825,34.85564883453319],[33.54050818004872,34.85532659285367],[33.54028706199064,34.85499646283786],[33.54008298631328,34.85465902373739],[33.53989631087509,34.85431486762134],[33.539727362991535,34.85396459833693],[33.53957643886217,34.853608830449616],[33.539443803052315,34.853248188164386],[33.53932968803037,34.85288330423024],[33.53923429376157,34.85251481882972],[33.53915778735873,34.852143378455445],[33.539100302790864,34.85176963477561],[33.53906194064981,34.85139424349052],[33.53904276797558,34.851017863182044],[33.53904281814063,34.850641154158204],[33.539062090793074,34.85026477729455],[33.539100551859214,34.84988939287492],[33.53915813360513,34.84951565943304],[33.53923473475733,34.8491442325974],[33.53933022068224,34.848775763941255],[33.53944442362412,34.84841089983974],[33.53957714300104,34.84805028033629],[33.539728145758446,34.84769453802012],[33.53989716677949,34.84734429691686],[33.54008390935162,34.84700017139428],[33.54028804568847,34.846662765085014],[33.54050921750611,34.846332669828136],[33.54074703665275,34.84601046463146],[33.54100108579067,34.845696714656455],[33.54127091912921,34.845391970227396],[33.54155606320758,34.845096765866586],[33.541856017726026,34.8448116193574],[33.542170256423944,34.84453703083663],[33.5424982280034,34.8442734819178],[33.54283935709642,34.844021434847065],[33.54319304527429,34.843781331693],[33.54355867209727,34.843553593571784],[33.54393559620267,34.84333861990924],[33.544323156429535,34.84313678774077],[33.544720672977896,34.84294845105065],[33.54512744860058,34.84277394015173],[33.54554276982551,34.84261356110654],[33.545965908206284,34.842467595191046],[33.54639612159897,34.84233629840173],[33.546832655462794,34.842219901007105],[33.54727474418241,34.842118607144094],[33.54772161240961,34.842032594460534],[33.54817247642193,34.84196201380377],[33.548626545495935,34.84190698895642],[33.54908302329267,34.8418676164195],[33.54954110925294,34.84184396524329],[33.550000000000004,34.84183607690646],[33.55045889074706,34.84184396524329],[33.550916976707335,34.8418676164195],[33.551373454504066,34.84190698895642],[33.55182752357807,34.84196201380377],[33.55227838759039,34.842032594460534],[33.55272525581759,34.842118607144094],[33.55316734453721,34.842219901007105],[33.55360387840103,34.84233629840173],[33.55403409179372,34.842467595191046],[33.55445723017449,34.84261356110654],[33.55487255139941,34.84277394015173],[33.555279327022106,34.84294845105065],[33.55567684357047,34.84313678774077],[33.55606440379733,34.84333861990924],[33.55644132790273,34.843553593571784],[33.55680695472571,34.843781331693],[33.55716064290358,34.844021434847065],[33.5575017719966,34.8442734819178],[33.55782974357605,34.84453703083663],[33.558143982273975,34.8448116193574],[33.55844393679242,34.845096765866586],[33.55872908087078,34.845391970227396],[33.55899891420933,34.845696714656455],[33.55925296334725,34.84601046463146],[33.55949078249389,34.846332669828136],[33.55971195431153,34.846662765085014],[33.55991609064838,34.84700017139428],[33.560102833220505,34.84734429691686],[33.560271854241556,34.84769453802012],[33.56042285699896,34.84805028033629],[33.56055557637588,34.84841089983974],[33.56066977931776,34.848775763941255],[33.56076526524267,34.8491442325974],[33.560841866394874,34.84951565943304],[33.56089944814078,34.84988939287492],[33.56093790920693,34.85026477729455],[33.56095718185937,34.850641154158204],[33.56095723202442,34.851017863182044],[33.56093805935019,34.85139424349052],[33.56089969720914,34.85176963477561],[33.56084221264126,34.852143378455445],[33.560765706238435,34.85251481882972],[33.56067031196962,34.85288330423024],[33.56055619694769,34.853248188164386],[33.560423561137824,34.853608830449616],[33.56027263700847,34.85396459833693],[33.56010368912491,34.85431486762134],[33.55991701368672,34.85465902373739],[33.55971293800936,34.85499646283786],[33.559491819951276,34.85532659285367],[33.559254047287176,34.85564883453319],[33.55900003702874,34.85596262245907],[33.558730234693904,34.85626740604082],[33.558445113526,34.85656265048151],[33.55814517366409,34.85684783771664],[33.55783094126595,34.857122467323755],[33.55750296758533,34.85738605740113],[33.55716182800497,34.85763814541391],[33.55680812102711,34.857878289006365],[33.55644246722339,34.858106066778646],[33.55606550814572,34.858321079026815],[33.555677905200376,34.85852294844483],[33.55528033848697,34.85871132078711],[33.55487350560453,34.85888586549076],[33.5544581204268,34.85904627625611],[33.55403491184873,34.85919227158472],[33.553604622506654,34.859323595273764],[33.553168007474085,34.85944001686609],[33.55272583293568,34.85954133205501],[33.552278874841626,34.859627363043124],[33.551827917544735,34.85969795885468],[33.55137375242277,34.85975299560077],[33.5509171764884,34.859792376696916],[33.550458990989156,34.859816033032786],[33.550000000000004,34.859823923093536]]]}}, {"type":"Feature","id":64,"properties":{"_id":"677150b738a9fe493b345268","createdBy":"eBT9qSrxquPVguazo7MwJzzaf2p1","createdAt":"2024-12-29T13:37:59.320Z","updatedBy":"eBT9qSrxquPVguazo7MwJzzaf2p1","updatedAt":"2024-12-29T13:40:21.099Z","name":"LCV101 PSEDVAS","dataIngestion":true,"type":1,"icaoClass":2,"activity":0,"onDemand":false,"onRequest":false,"byNotam":false,"specialAgreement":false,"requestCompliance":false,"country":"CY","upperLimit":{"value":999,"unit":6,"referenceDatum":2},"lowerLimit":{"value":0,"unit":1,"referenceDatum":0},"frequencies":[{"value":"130.200","primary":true,"unit":2,"name":"LARNACA APP","_id":"677150b738a9fe493b345269"}],"hoursOfOperation":{"operatingHours":[{"dayOfWeek":0,"startTime":"00:00","endTime":"00:00","byNotam":false,"sunrise":false,"sunset":false,"publicHolidaysExcluded":false},{"dayOfWeek":1,"startTime":"00:00","endTime":"00:00","byNotam":false,"sunrise":false,"sunset":false,"publicHolidaysExcluded":false},{"dayOfWeek":2,"startTime":"00:00","endTime":"00:00","byNotam":false,"sunrise":false,"sunset":false,"publicHolidaysExcluded":false},{"dayOfWeek":3,"startTime":"00:00","endTime":"00:00","byNotam":false,"sunrise":false,"sunset":false,"publicHolidaysExcluded":false},{"dayOfWeek":4,"startTime":"00:00","endTime":"00:00","byNotam":false,"sunrise":false,"sunset":false,"publicHolidaysExcluded":false},{"dayOfWeek":5,"startTime":"00:00","endTime":"00:00","byNotam":false,"sunrise":false,"sunset":false,"publicHolidaysExcluded":false},{"dayOfWeek":6,"startTime":"00:00","endTime":"00:00","byNotam":false,"sunrise":false,"sunset":false,"publicHolidaysExcluded":false}]},"deletable":true},"geometry":{"type":"Polygon","coordinates":[[[33.42,34.95333],[33.42528,34.89917],[33.51694,34.89194],[33.53583,34.93],[33.42,34.95333]]]}}, {"type":"Feature","id":65,"properties":{"_id":"677150b738a9fe493b34526c","createdBy":"eBT9qSrxquPVguazo7MwJzzaf2p1","createdAt":"2024-12-29T13:37:59.332Z","updatedBy":"eBT9qSrxquPVguazo7MwJzzaf2p1","updatedAt":"2024-12-29T13:40:21.205Z","name":"LCV102 MARKI","dataIngestion":true,"type":1,"icaoClass":6,"activity":0,"onDemand":false,"onRequest":false,"byNotam":false,"specialAgreement":false,"requestCompliance":false,"country":"CY","upperLimit":{"value":3000,"unit":1,"referenceDatum":1},"lowerLimit":{"value":0,"unit":1,"referenceDatum":0},"frequencies":[{"value":"122.500","primary":true,"unit":2,"_id":"677150b738a9fe493b34526d"}],"hoursOfOperation":{"operatingHours":[{"dayOfWeek":0,"startTime":"00:00","endTime":"00:00","byNotam":false,"sunrise":false,"sunset":false,"publicHolidaysExcluded":false},{"dayOfWeek":1,"startTime":"00:00","endTime":"00:00","byNotam":false,"sunrise":false,"sunset":false,"publicHolidaysExcluded":false},{"dayOfWeek":2,"startTime":"00:00","endTime":"00:00","byNotam":false,"sunrise":false,"sunset":false,"publicHolidaysExcluded":false},{"dayOfWeek":3,"startTime":"00:00","endTime":"00:00","byNotam":false,"sunrise":false,"sunset":false,"publicHolidaysExcluded":false},{"dayOfWeek":4,"startTime":"00:00","endTime":"00:00","byNotam":false,"sunrise":false,"sunset":false,"publicHolidaysExcluded":false},{"dayOfWeek":5,"startTime":"00:00","endTime":"00:00","byNotam":false,"sunrise":false,"sunset":false,"publicHolidaysExcluded":false},{"dayOfWeek":6,"startTime":"00:00","endTime":"00:00","byNotam":false,"sunrise":false,"sunset":false,"publicHolidaysExcluded":false}]},"deletable":true},"geometry":{"type":"Polygon","coordinates":[[[33.25528,35.07389],[33.25167,34.97556],[33.29611,34.95111],[33.33611,34.96417],[33.38778,34.95694],[33.39806,34.98889],[33.37833,35.00861],[33.38,35.02639],[33.32472,35.07194],[33.25528,35.07389]]]}}, {"type":"Feature","id":66,"properties":{"_id":"677150b738a9fe493b345270","createdBy":"eBT9qSrxquPVguazo7MwJzzaf2p1","createdAt":"2024-12-29T13:37:59.343Z","updatedBy":"eBT9qSrxquPVguazo7MwJzzaf2p1","updatedAt":"2024-12-29T13:40:21.337Z","name":"LCV103 KLIROU","dataIngestion":true,"type":1,"icaoClass":6,"activity":0,"onDemand":false,"onRequest":false,"byNotam":false,"specialAgreement":false,"requestCompliance":false,"country":"CY","upperLimit":{"value":5000,"unit":1,"referenceDatum":1},"lowerLimit":{"value":0,"unit":1,"referenceDatum":0},"frequencies":[{"value":"122.500","primary":true,"unit":2,"_id":"677150b738a9fe493b345271"}],"hoursOfOperation":{"operatingHours":[{"dayOfWeek":0,"startTime":"00:00","endTime":"00:00","byNotam":false,"sunrise":false,"sunset":false,"publicHolidaysExcluded":false},{"dayOfWeek":1,"startTime":"00:00","endTime":"00:00","byNotam":false,"sunrise":false,"sunset":false,"publicHolidaysExcluded":false},{"dayOfWeek":2,"startTime":"00:00","endTime":"00:00","byNotam":false,"sunrise":false,"sunset":false,"publicHolidaysExcluded":false},{"dayOfWeek":3,"startTime":"00:00","endTime":"00:00","byNotam":false,"sunrise":false,"sunset":false,"publicHolidaysExcluded":false},{"dayOfWeek":4,"startTime":"00:00","endTime":"00:00","byNotam":false,"sunrise":false,"sunset":false,"publicHolidaysExcluded":false},{"dayOfWeek":5,"startTime":"00:00","endTime":"00:00","byNotam":false,"sunrise":false,"sunset":false,"publicHolidaysExcluded":false},{"dayOfWeek":6,"startTime":"00:00","endTime":"00:00","byNotam":false,"sunrise":false,"sunset":false,"publicHolidaysExcluded":false}]},"deletable":true},"geometry":{"type":"Polygon","coordinates":[[[33.25167,34.97556],[33.25528,35.07389],[33.19194,35.12528],[33.12833,35.135],[33.07944,35.13139],[33.03056,35.10333],[32.90361,35.04083],[33.175,34.94944],[33.25167,34.97556]]]}}, {"type":"Feature","id":67,"properties":{"_id":"677150b738a9fe493b345274","createdBy":"eBT9qSrxquPVguazo7MwJzzaf2p1","createdAt":"2024-12-29T13:37:59.355Z","updatedBy":"eBT9qSrxquPVguazo7MwJzzaf2p1","updatedAt":"2024-12-29T13:40:21.446Z","name":"LCV106 AKAMAS","dataIngestion":true,"type":1,"icaoClass":6,"activity":0,"onDemand":false,"onRequest":false,"byNotam":false,"specialAgreement":false,"requestCompliance":false,"country":"CY","upperLimit":{"value":4000,"unit":1,"referenceDatum":1},"lowerLimit":{"value":0,"unit":1,"referenceDatum":0},"frequencies":[{"value":"119.200","primary":true,"unit":2,"_id":"677150b738a9fe493b345275"}],"hoursOfOperation":{"operatingHours":[{"dayOfWeek":0,"startTime":"00:00","endTime":"00:00","byNotam":false,"sunrise":false,"sunset":false,"publicHolidaysExcluded":false},{"dayOfWeek":1,"startTime":"00:00","endTime":"00:00","byNotam":false,"sunrise":false,"sunset":false,"publicHolidaysExcluded":false},{"dayOfWeek":2,"startTime":"00:00","endTime":"00:00","byNotam":false,"sunrise":false,"sunset":false,"publicHolidaysExcluded":false},{"dayOfWeek":3,"startTime":"00:00","endTime":"00:00","byNotam":false,"sunrise":false,"sunset":false,"publicHolidaysExcluded":false},{"dayOfWeek":4,"startTime":"00:00","endTime":"00:00","byNotam":false,"sunrise":false,"sunset":false,"publicHolidaysExcluded":false},{"dayOfWeek":5,"startTime":"00:00","endTime":"00:00","byNotam":false,"sunrise":false,"sunset":false,"publicHolidaysExcluded":false},{"dayOfWeek":6,"startTime":"00:00","endTime":"00:00","byNotam":false,"sunrise":false,"sunset":false,"publicHolidaysExcluded":false}]},"deletable":true},"geometry":{"type":"Polygon","coordinates":[[[32.31667,34.90111],[32.425,34.9125],[32.48111,34.88222],[32.49222,35.06667],[32.42611,35.035],[32.28472,35.105],[32.31667,34.90111]]]}}, {"type":"Feature","id":68,"properties":{"_id":"677150b738a9fe493b345278","createdBy":"eBT9qSrxquPVguazo7MwJzzaf2p1","createdAt":"2024-12-29T13:37:59.368Z","updatedBy":"eBT9qSrxquPVguazo7MwJzzaf2p1","updatedAt":"2024-12-29T13:40:21.566Z","name":"LCV107 LIMASSOL TRAINING AREA","dataIngestion":true,"type":1,"icaoClass":6,"activity":0,"onDemand":false,"onRequest":false,"byNotam":false,"specialAgreement":false,"requestCompliance":false,"country":"CY","upperLimit":{"value":3000,"unit":1,"referenceDatum":1},"lowerLimit":{"value":0,"unit":1,"referenceDatum":0},"frequencies":[{"value":"122.500","primary":true,"unit":2,"_id":"677150b738a9fe493b345279"}],"hoursOfOperation":{"operatingHours":[{"dayOfWeek":0,"startTime":"00:00","endTime":"00:00","byNotam":false,"sunrise":false,"sunset":false,"publicHolidaysExcluded":false},{"dayOfWeek":1,"startTime":"00:00","endTime":"00:00","byNotam":false,"sunrise":false,"sunset":false,"publicHolidaysExcluded":false},{"dayOfWeek":2,"startTime":"00:00","endTime":"00:00","byNotam":false,"sunrise":false,"sunset":false,"publicHolidaysExcluded":false},{"dayOfWeek":3,"startTime":"00:00","endTime":"00:00","byNotam":false,"sunrise":false,"sunset":false,"publicHolidaysExcluded":false},{"dayOfWeek":4,"startTime":"00:00","endTime":"00:00","byNotam":false,"sunrise":false,"sunset":false,"publicHolidaysExcluded":false},{"dayOfWeek":5,"startTime":"00:00","endTime":"00:00","byNotam":false,"sunrise":false,"sunset":false,"publicHolidaysExcluded":false},{"dayOfWeek":6,"startTime":"00:00","endTime":"00:00","byNotam":false,"sunrise":false,"sunset":false,"publicHolidaysExcluded":false}]},"deletable":true},"geometry":{"type":"Polygon","coordinates":[[[33.28833,34.89833],[33.12139,34.83917],[32.78222,34.8175],[32.91722,34.72889],[33.08472,34.74417],[33.33389,34.7975],[33.28833,34.89833]]]}}, {"type":"Feature","id":69,"properties":{"_id":"677150b738a9fe493b34527c","createdBy":"eBT9qSrxquPVguazo7MwJzzaf2p1","createdAt":"2024-12-29T13:37:59.386Z","updatedBy":"eBT9qSrxquPVguazo7MwJzzaf2p1","updatedAt":"2024-12-29T13:40:21.677Z","name":"LCV109 POLEMI TRAINING AREA","dataIngestion":true,"type":1,"icaoClass":6,"activity":0,"onDemand":false,"onRequest":false,"byNotam":false,"specialAgreement":false,"requestCompliance":false,"country":"CY","upperLimit":{"value":4000,"unit":1,"referenceDatum":1},"lowerLimit":{"value":0,"unit":1,"referenceDatum":0},"frequencies":[{"value":"119.200","primary":true,"unit":2,"_id":"677150b738a9fe493b34527d"}],"hoursOfOperation":{"operatingHours":[{"dayOfWeek":0,"startTime":"00:00","endTime":"00:00","byNotam":false,"sunrise":false,"sunset":false,"publicHolidaysExcluded":false},{"dayOfWeek":1,"startTime":"00:00","endTime":"00:00","byNotam":false,"sunrise":false,"sunset":false,"publicHolidaysExcluded":false},{"dayOfWeek":2,"startTime":"00:00","endTime":"00:00","byNotam":false,"sunrise":false,"sunset":false,"publicHolidaysExcluded":false},{"dayOfWeek":3,"startTime":"00:00","endTime":"00:00","byNotam":false,"sunrise":false,"sunset":false,"publicHolidaysExcluded":false},{"dayOfWeek":4,"startTime":"00:00","endTime":"00:00","byNotam":false,"sunrise":false,"sunset":false,"publicHolidaysExcluded":false},{"dayOfWeek":5,"startTime":"00:00","endTime":"00:00","byNotam":false,"sunrise":false,"sunset":false,"publicHolidaysExcluded":false},{"dayOfWeek":6,"startTime":"00:00","endTime":"00:00","byNotam":false,"sunrise":false,"sunset":false,"publicHolidaysExcluded":false}]},"deletable":true},"geometry":{"type":"Polygon","coordinates":[[[32.54278,35.11667],[32.49222,35.06667],[32.48111,34.88222],[32.55833,34.87333],[32.54278,35.11667]]]}}, {"type":"Feature","id":70,"properties":{"_id":"677150b738a9fe493b345280","createdBy":"eBT9qSrxquPVguazo7MwJzzaf2p1","createdAt":"2024-12-29T13:37:59.398Z","updatedBy":"eBT9qSrxquPVguazo7MwJzzaf2p1","updatedAt":"2024-12-29T13:40:21.791Z","name":"LCLK CTR","dataIngestion":true,"type":4,"icaoClass":2,"activity":0,"onDemand":false,"onRequest":false,"byNotam":false,"specialAgreement":false,"requestCompliance":false,"country":"CY","upperLimit":{"value":8000,"unit":1,"referenceDatum":1},"lowerLimit":{"value":0,"unit":1,"referenceDatum":0},"frequencies":[{"value":"130.200","primary":true,"unit":2,"name":"LARNAKA APP","_id":"677150b738a9fe493b345281"}],"hoursOfOperation":{"operatingHours":[{"dayOfWeek":0,"startTime":"00:00","endTime":"00:00","byNotam":false,"sunrise":false,"sunset":false,"publicHolidaysExcluded":false},{"dayOfWeek":1,"startTime":"00:00","endTime":"00:00","byNotam":false,"sunrise":false,"sunset":false,"publicHolidaysExcluded":false},{"dayOfWeek":2,"startTime":"00:00","endTime":"00:00","byNotam":false,"sunrise":false,"sunset":false,"publicHolidaysExcluded":false},{"dayOfWeek":3,"startTime":"00:00","endTime":"00:00","byNotam":false,"sunrise":false,"sunset":false,"publicHolidaysExcluded":false},{"dayOfWeek":4,"startTime":"00:00","endTime":"00:00","byNotam":false,"sunrise":false,"sunset":false,"publicHolidaysExcluded":false},{"dayOfWeek":5,"startTime":"00:00","endTime":"00:00","byNotam":false,"sunrise":false,"sunset":false,"publicHolidaysExcluded":false},{"dayOfWeek":6,"startTime":"00:00","endTime":"00:00","byNotam":false,"sunrise":false,"sunset":false,"publicHolidaysExcluded":false}]},"deletable":true},"geometry":{"type":"Polygon","coordinates":[[[33.14417,35.08806],[33.14417,35.08806],[33.14012888718769,35.08130900391994],[33.1299367376197,35.06444935606923],[33.120620146233605,35.04725445598992],[33.11219500642957,35.02975466990867],[33.104675608697626,35.01198088262737],[33.09807461910009,34.993964442067764],[33.09240306084423,34.9757371031316],[33.087670298949085,34.95733097098249],[33.08388402800391,34.93877844385566],[33.081050263008855,34.920112155501315],[33.07917333328264,34.90136491736719],[33.07825587941538,34.88256966062498],[33.07829885323975,34.86375937814477],[33.07930152078749,34.844967066520084],[33.081261468193716,34.826225668245485],[33.084174610506224,34.807568014146895],[33.08803520335268,34.789026766163424],[33.092835857414215,34.770634360577816],[33.098567555650014,34.752422951790656],[33.105219673213824,34.73442435673178],[33.11278,34.71667],[33.11278,34.71667],[33.36639,34.71278],[33.36639,34.71278],[33.37262498152386,34.70465257467219],[33.38142275685772,34.69611021147865],[33.390646083923386,34.68787754584889],[33.400278764055585,34.67996892600887],[33.41030389970397,34.67239813143631],[33.42070392404852,34.6651783493463],[33.43146063165668,34.658322152212214],[33.44255521012988,34.65184147635727],[33.45396827268612,34.64574760164949],[33.465679891624426,34.64005113233169],[33.47766963261682,34.63476197901565],[33.48991658977186,34.62988934186828],[33.5023994214142,34.625441695015084],[33.51509638652333,34.62142677218486],[33.527985381774755,34.617851553617356],[33.54104397912595,34.61472225425341],[33.55424946388959,34.61204431322572],[33.56757887323567,34.60982238466567],[33.58100903506442,34.60806032984035],[33.59451660719124,34.606761210631205],[33.608078116784874,34.60592728436435],[33.62167,34.60556],[33.62167,34.60556],[33.69028,34.45889],[33.69028,34.45889],[33.704010364343034,34.461801070353125],[33.72481691982387,34.46485503765446],[33.745451897134515,34.46862119274645],[33.76587959830343,34.47309302443629],[33.786064668078915,34.478262800389345],[33.80597215264427,34.484121579926814],[33.82556755778967,34.49065922883338],[33.844816906459634,34.497864436154345],[33.863686795595385,34.50572473295941],[33.88214445219083,34.51422651304707],[33.90015778848155,34.5233550555614],[33.917695456185605,34.533094549489235],[33.93472689971538,34.543428120004144],[33.9512224082798,34.55433785661986],[33.9671531667963,34.56580484311365],[33.98249130553206,34.577809189176975],[33.99720994839467,34.59033006374825],[34.01128325979239,34.6033457299798],[34.02468648998476,34.61683358178837],[34.03739601884516,34.6307701819355],[34.04938939795699,34.645131301582154],[34.060645390966776,34.65989196125858],[34.071144012117635,34.67502647318826],[34.08086656288829,34.69050848490199],[34.089795666663726,34.70631102407578],[34.097915301365056,34.72240654452355],[34.10521082996807,34.73876697327343],[34.11166902884118,34.755363758653864],[34.11727811383627,34.77216791931359],[34.122027764067404,34.78915009409714],[34.125909143315525,34.80628059269559],[34.12891491899922,34.82352944699007],[34.13103927865547,34.840866463003394],[34.13227794387651,34.85826127337377],[34.132628181653104,34.87568339026236],[34.132088813077935,34.89310225860495],[34.13066021936657,34.91048730961644],[34.12834434515807,34.927808014455756],[34.12514469906146,34.94503393795703],[34.12106635141904,34.96213479233233],[34.11611592926257,34.97908049075],[34.110301608443535,34.995841200691885],[34.10363310292406,35.01238739699261],[34.0961216512208,35.02868991446298],[34.08778,35.04472],[34.08778,35.04472],[33.47,35.00667],[33.14417,35.08806]]]}}, {"type":"Feature","id":71,"properties":{"_id":"677150b738a9fe493b345284","createdBy":"eBT9qSrxquPVguazo7MwJzzaf2p1","createdAt":"2024-12-29T13:37:59.422Z","updatedBy":"eBT9qSrxquPVguazo7MwJzzaf2p1","updatedAt":"2024-12-29T13:40:21.939Z","name":"LCLK ATZ","dataIngestion":true,"type":13,"icaoClass":1,"activity":0,"onDemand":false,"onRequest":false,"byNotam":false,"specialAgreement":false,"requestCompliance":false,"country":"CY","upperLimit":{"value":3000,"unit":1,"referenceDatum":1},"lowerLimit":{"value":0,"unit":1,"referenceDatum":0},"frequencies":[{"value":"121.200","primary":true,"unit":2,"name":"LCLK TWR","_id":"677150b738a9fe493b345285"}],"hoursOfOperation":{"operatingHours":[{"dayOfWeek":0,"startTime":"00:00","endTime":"00:00","byNotam":false,"sunrise":false,"sunset":false,"publicHolidaysExcluded":false},{"dayOfWeek":1,"startTime":"00:00","endTime":"00:00","byNotam":false,"sunrise":false,"sunset":false,"publicHolidaysExcluded":false},{"dayOfWeek":2,"startTime":"00:00","endTime":"00:00","byNotam":false,"sunrise":false,"sunset":false,"publicHolidaysExcluded":false},{"dayOfWeek":3,"startTime":"00:00","endTime":"00:00","byNotam":false,"sunrise":false,"sunset":false,"publicHolidaysExcluded":false},{"dayOfWeek":4,"startTime":"00:00","endTime":"00:00","byNotam":false,"sunrise":false,"sunset":false,"publicHolidaysExcluded":false},{"dayOfWeek":5,"startTime":"00:00","endTime":"00:00","byNotam":false,"sunrise":false,"sunset":false,"publicHolidaysExcluded":false},{"dayOfWeek":6,"startTime":"00:00","endTime":"00:00","byNotam":false,"sunrise":false,"sunset":false,"publicHolidaysExcluded":false}]},"deletable":true},"geometry":{"type":"Polygon","coordinates":[[[33.63028,34.94551165254472],[33.62687652025039,34.94545316662676],[33.623479025893744,34.945277811727145],[33.620093491720255,34.94498589622631],[33.61672587133389,34.94457793348473],[33.61338208660761,34.944054640933444],[33.61006801719629,34.94341693880334],[33.60678949012668,34.94266594849521],[33.60355226948311,34.94180299059377],[33.60036204620785,34.9408295825291],[33.59722442803455,34.939747435889785],[33.59414492957303,34.9385584533928],[33.591128962563296,34.93726472551539],[33.58818182631662,34.935868526795296],[33.585308698360514,34.934372311805966],[33.582514625304746,34.93277871081395],[33.57980451394474,34.931090525126585],[33.57718312261805,34.9293107221382],[33.574655052829605,34.927442430083794],[33.572224741160376,34.92548893250999],[33.569896451473944,34.92345366247279],[33.56767426743458,34.92134019647295],[33.565562085350145,34.91915224813981],[33.563563607352044,34.916893661674905],[33.561682334924406,34.914568405067236],[33.559921562793384,34.91218056309229],[33.55828437318724,34.90973433010745],[33.556773630476954,34.90723400265672],[33.555391976206344,34.904683971897896],[33.554141824520165,34.902088715865816],[33.55302535799759,34.89945279158543],[33.552044523898076,34.89678082704882],[33.5512010308255,34.894077513070314],[33.55049634581601,34.891347595034325],[33.54993169185392,34.88859586455039],[33.54950804581956,34.88582715103033],[33.54922613687187,34.883046313202286],[33.549086445267996,34.88025823057678],[33.54908920162122,34.877467794879635],[33.54923438659777,34.874679901467054],[33.549521731052465,34.87189944073765],[33.54995071660213,34.869131289556904],[33.550520576635115,34.86638030270857],[33.55123029775433,34.863651304388426],[33.55207862165088,34.86094907975489],[33.55306404740396,34.858278366551446],[33.55418483420258,34.85564384681526],[33.5554390044837,34.85305013868657],[33.556824347480585,34.85050178833296],[33.55833842317473,34.848003262002464],[33.55997856664376,34.84555893821937],[33.561741892797414,34.84317310013602],[33.563625301492706,34.84084992805399],[33.565625483018984,34.83859349212737],[33.56773892394299,34.83640774526065],[33.5699619133033,34.83429651621372],[33.57229054914318,34.8322635029253],[33.57472074537018,34.83031226606669],[33.5772482389303,34.82844622283661],[33.57986859728426,34.826668641007736],[33.58257722617255,34.82498263323527],[33.585369377655944,34.82339115163698],[33.58824015841736,34.82189698265415],[33.59118453831082,34.82050274220206],[33.59419735914255,34.81921087111823],[33.597273343669436,34.81802363091633],[33.60040710479915,34.816943099852594],[33.60359315497626,34.815971169311844],[33.606825915738426,34.815109540518876],[33.61009972742629,34.81435972158097],[33.6134088590306,34.81372302486648],[33.616747518159876,34.813200564723914],[33.620109861111736,34.81279325554537],[33.62349000303076,34.812501810177594],[33.6268820281359,34.812326738683375],[33.63028,34.81226834745529],[33.633677971864095,34.812326738683375],[33.637069996969245,34.812501810177594],[33.64045013888827,34.81279325554537],[33.64381248184013,34.813200564723914],[33.6471511409694,34.81372302486648],[33.65046027257372,34.81435972158097],[33.65373408426158,34.815109540518876],[33.656966845023746,34.815971169311844],[33.66015289520085,34.816943099852594],[33.66328665633057,34.81802363091633],[33.66636264085746,34.81921087111823],[33.669375461689185,34.82050274220206],[33.672319841582635,34.82189698265415],[33.67519062234406,34.82339115163698],[33.67798277382745,34.82498263323527],[33.680691402715745,34.826668641007736],[33.683311761069696,34.82844622283661],[33.68583925462982,34.83031226606669],[33.688269450856815,34.8322635029253],[33.690598086696696,34.83429651621372],[33.692821076057015,34.83640774526065],[33.694934516981014,34.83859349212737],[33.6969346985073,34.84084992805399],[33.69881810720259,34.84317310013602],[33.70058143335625,34.84555893821937],[33.70222157682527,34.848003262002464],[33.70373565251941,34.85050178833296],[33.7051209955163,34.85305013868657],[33.706375165797425,34.85564384681526],[33.70749595259605,34.858278366551446],[33.70848137834912,34.86094907975489],[33.709329702245675,34.863651304388426],[33.71003942336489,34.86638030270857],[33.71060928339787,34.869131289556904],[33.71103826894753,34.87189944073765],[33.71132561340223,34.874679901467054],[33.71147079837878,34.877467794879635],[33.711473554732,34.88025823057678],[33.71133386312813,34.883046313202286],[33.71105195418045,34.88582715103033],[33.710628308146084,34.88859586455039],[33.710063654184,34.891347595034325],[33.7093589691745,34.894077513070314],[33.70851547610192,34.89678082704882],[33.707534642002415,34.89945279158543],[33.70641817547984,34.902088715865816],[33.70516802379366,34.904683971897896],[33.70378636952305,34.90723400265672],[33.702275626812764,34.90973433010745],[33.700638437206614,34.91218056309229],[33.6988776650756,34.914568405067236],[33.696996392647954,34.916893661674905],[33.69499791464985,34.91915224813981],[33.692885732565415,34.92134019647295],[33.69066354852606,34.92345366247279],[33.68833525883963,34.92548893250999],[33.68590494717039,34.927442430083794],[33.68337687738195,34.9293107221382],[33.68075548605527,34.931090525126585],[33.67804537469526,34.93277871081395],[33.67525130163949,34.934372311805966],[33.67237817368338,34.935868526795296],[33.66943103743671,34.93726472551539],[33.66641507042698,34.9385584533928],[33.663335571965455,34.939747435889785],[33.66019795379215,34.9408295825291],[33.657007730516895,34.94180299059377],[33.653770509873326,34.94266594849521],[33.650491982803715,34.94341693880334],[33.64717791339239,34.944054640933444],[33.64383412866611,34.94457793348473],[33.64046650827975,34.94498589622631],[33.63708097410626,34.945277811727145],[33.633683479749614,34.94545316662676],[33.63028,34.94551165254472]]]}}, {"type":"Feature","id":72,"properties":{"_id":"677150b738a9fe493b345288","createdBy":"eBT9qSrxquPVguazo7MwJzzaf2p1","createdAt":"2024-12-29T13:37:59.440Z","updatedBy":"eBT9qSrxquPVguazo7MwJzzaf2p1","updatedAt":"2024-12-29T13:40:22.074Z","name":"LCPH CTR","dataIngestion":true,"type":4,"icaoClass":2,"activity":0,"onDemand":false,"onRequest":false,"byNotam":false,"specialAgreement":false,"requestCompliance":false,"country":"CY","upperLimit":{"value":7500,"unit":1,"referenceDatum":1},"lowerLimit":{"value":0,"unit":1,"referenceDatum":0},"frequencies":[{"value":"130.625","primary":true,"unit":2,"name":"PAFOS TWR","_id":"677150b738a9fe493b345289"}],"hoursOfOperation":{"operatingHours":[{"dayOfWeek":0,"startTime":"00:00","endTime":"00:00","byNotam":false,"sunrise":false,"sunset":false,"publicHolidaysExcluded":false},{"dayOfWeek":1,"startTime":"00:00","endTime":"00:00","byNotam":false,"sunrise":false,"sunset":false,"publicHolidaysExcluded":false},{"dayOfWeek":2,"startTime":"00:00","endTime":"00:00","byNotam":false,"sunrise":false,"sunset":false,"publicHolidaysExcluded":false},{"dayOfWeek":3,"startTime":"00:00","endTime":"00:00","byNotam":false,"sunrise":false,"sunset":false,"publicHolidaysExcluded":false},{"dayOfWeek":4,"startTime":"00:00","endTime":"00:00","byNotam":false,"sunrise":false,"sunset":false,"publicHolidaysExcluded":false},{"dayOfWeek":5,"startTime":"00:00","endTime":"00:00","byNotam":false,"sunrise":false,"sunset":false,"publicHolidaysExcluded":false},{"dayOfWeek":6,"startTime":"00:00","endTime":"00:00","byNotam":false,"sunrise":false,"sunset":false,"publicHolidaysExcluded":false}]},"deletable":true},"geometry":{"type":"Polygon","coordinates":[[[32.04667,35.04056],[32.04667,35.04056],[32.04149562812155,35.03740583365302],[32.025293779382025,35.02113623215234],[32.00994447088229,35.00432336990971],[31.99547438909209,34.986997066591684],[31.981908612563636,34.96918803299973],[31.969270570262413,34.95092781497317],[31.957582003237967,34.93224873591792],[31.94686292967947,34.91318383807664],[31.937131613392193,34.893766822657696],[31.92840453572212,34.87403198894104],[31.920696370947518,34.854014172479864],[31.91401996514776,34.8337486825177],[31.90838631855193,34.81327123874023],[31.903804571361544,34.79261790748163],[31.900281993034593,34.77182503750428],[31.897823975010716,34.750929195470654],[31.896434026850443,34.72996710122485],[31.89611377575519,34.70897556300051],[31.89686296942816,34.68799141267057],[31.898679482230808,34.667051441152566],[31.901559324584117,34.646192334081796],[31.905496655558565,34.62545060786273],[31.910483798592367,34.60486254620713],[31.916511260272937,34.58446413726495],[31.923567752112866,34.56429101145216],[31.931640215247626,34.54437838007693],[31.94071384797952,34.52476097486326],[31.950772136088965,34.50547298846849],[31.961796885831788,34.48654801608826],[31.973768259538865,34.468018998239955],[31.98666481373244,34.449918164812544],[32.000463539671536,34.432276980467925],[32.01513990623758,34.41512609147587],[32.030667905069876,34.39849527406161],[32.047020097859786,34.38241338434203],[32.06416766571135,34.36690830992331],[32.082080460475645,34.352006923229794],[32.10072705796557,34.33773503663047],[32.120074812957554,34.32411735942667],[32.1400899158863,34.311177456761044],[32.160737451138836,34.29893771050465],[32.181981456853926,34.287419282176295],[32.20378498613326,34.276642077944295],[32.2261101695708,34.26662471575829],[32.24891827900714,34.25738449465514],[32.272169792415724,34.248937366279854],[32.29582445982846,34.241297908659426],[32.319841370208266,34.23447930226384],[32.34417901917663,34.22849330838605],[32.36879537750457,34.22335024986867],[32.393647960275686,34.219058994202804],[32.418693896630295,34.21562693902053],[32.44389,34.21306],[32.44389,34.21306],[32.63278,34.48361],[32.63278,34.48361],[32.639801777355885,34.48772811474868],[32.651066205676216,34.49253579598329],[32.66207784939222,34.497727048103165],[32.67281749212589,34.50329283468863],[32.683266380045225,34.50922346551508],[32.6934062541513,34.51550861304074],[32.70321938180142,34.52213732999312],[32.71268858741699,34.52909806802696],[32.721797282324914,34.53637869742447],[32.73052949368256,34.543966527807385],[32.73886989243681,34.551848329828246],[32.74680382026895,34.56001035780674],[32.754317315477884,34.56843837327551],[32.76139713775545,34.57711766939774],[32.768030791808705,34.58603309621796],[32.77420654978517,34.595169086705276],[32.77991347245863,34.60450968354716],[32.785141429134306,34.61403856665044],[32.78988111623374,34.62373908130476],[32.79412407452151,34.63359426696222],[32.79786270493761,34.64358688658595],[32.80109028300073,34.653699456519035],[32.80380097175046,34.66391427682398],[32.805989833197394,34.674213462041905],[32.80765283825331,34.68457897231972],[32.80878687511489,34.6949926448524],[32.80938975607756,34.70543622558679],[32.809460222757856,34.71589140113268],[32.80899794970583,34.72633983082577],[32.80800354639103,34.73676317888722],[32.80647855754901,34.74714314662325],[32.80442546187746,34.757461504608365],[32.801847669074554,34.767700124795425],[32.79874951521487,34.777841012495074],[32.79513625646102,34.78786633816756],[32.79101406111306,34.797758468969775],[32.78639,34.8075],[32.78639,34.8075],[32.04667,35.04056]]]}}, {"type":"Feature","id":73,"properties":{"_id":"677150b738a9fe493b34528c","createdBy":"eBT9qSrxquPVguazo7MwJzzaf2p1","createdAt":"2024-12-29T13:37:59.458Z","updatedBy":"eBT9qSrxquPVguazo7MwJzzaf2p1","updatedAt":"2024-12-29T13:40:22.208Z","name":"LCRA RESTRICTED FLYING AREA","dataIngestion":true,"type":29,"icaoClass":6,"activity":0,"onDemand":false,"onRequest":false,"byNotam":false,"specialAgreement":false,"requestCompliance":false,"country":"CY","upperLimit":{"value":3000,"unit":1,"referenceDatum":1},"lowerLimit":{"value":0,"unit":1,"referenceDatum":0},"frequencies":[{"value":"130.075","primary":true,"unit":2,"name":"AKROTIRI TWR","_id":"677150b738a9fe493b34528d"}],"hoursOfOperation":{"operatingHours":[{"dayOfWeek":0,"startTime":"00:00","endTime":"00:00","byNotam":false,"sunrise":false,"sunset":false,"publicHolidaysExcluded":false},{"dayOfWeek":1,"startTime":"00:00","endTime":"00:00","byNotam":false,"sunrise":false,"sunset":false,"publicHolidaysExcluded":false},{"dayOfWeek":2,"startTime":"00:00","endTime":"00:00","byNotam":false,"sunrise":false,"sunset":false,"publicHolidaysExcluded":false},{"dayOfWeek":3,"startTime":"00:00","endTime":"00:00","byNotam":false,"sunrise":false,"sunset":false,"publicHolidaysExcluded":false},{"dayOfWeek":4,"startTime":"00:00","endTime":"00:00","byNotam":false,"sunrise":false,"sunset":false,"publicHolidaysExcluded":false},{"dayOfWeek":5,"startTime":"00:00","endTime":"00:00","byNotam":false,"sunrise":false,"sunset":false,"publicHolidaysExcluded":false},{"dayOfWeek":6,"startTime":"00:00","endTime":"00:00","byNotam":false,"sunrise":false,"sunset":false,"publicHolidaysExcluded":false}]},"deletable":true},"geometry":{"type":"Polygon","coordinates":[[[33.19056,34.57028],[32.87111,34.65722],[32.81417,34.51417],[32.81485,34.51348],[32.81805,34.50897],[32.82142,34.50454],[32.82496,34.50021],[32.82866,34.49596],[32.83251,34.49182],[32.83653,34.48778],[32.84069,34.48384],[32.84501,34.48001],[32.84946,34.4763],[32.85406,34.4727],[32.85879,34.46923],[32.86365,34.46587],[32.86863,34.46265],[32.87374,34.45955],[32.87896,34.45659],[32.88429,34.45377],[32.88972,34.45108],[32.89525,34.44854],[32.90088,34.44614],[32.9066,34.44389],[32.91239,34.44179],[32.91827,34.43983],[32.92422,34.43803],[32.93023,34.43639],[32.9363,34.4349],[32.94242,34.43357],[32.94859,34.4324],[32.95481,34.43138],[32.96106,34.43053],[32.96733,34.42984],[32.97364,34.42932],[32.97995,34.42895],[32.98628,34.42876],[32.99262,34.42872],[32.99895,34.42885],[33.00527,34.42914],[33.01158,34.42959],[33.01787,34.43021],[33.02413,34.43099],[33.03036,34.43193],[33.03655,34.43304],[33.0427,34.4343],[33.04879,34.43572],[33.05483,34.4373],[33.06081,34.43903],[33.06671,34.44091],[33.07255,34.44295],[33.0783,34.44514],[33.08396,34.44748],[33.08954,34.44996],[33.09502,34.45258],[33.10039,34.45534],[33.10566,34.45825],[33.11082,34.46128],[33.11585,34.46445],[33.12077,34.46775],[33.12555,34.47117],[33.13021,34.47472],[33.13473,34.47838],[33.1391,34.48216],[33.14333,34.48605],[33.14741,34.49004],[33.15134,34.49414],[33.15511,34.49834],[33.15872,34.50264],[33.16216,34.50703],[33.16543,34.5115],[33.16853,34.51606],[33.17146,34.52069],[33.17421,34.5254],[33.17678,34.53017],[33.17916,34.53501],[33.18136,34.53991],[33.18338,34.54487],[33.1852,34.54987],[33.18683,34.55492],[33.18827,34.56001],[33.18951,34.56513],[33.19056,34.57028]]]}}]}